order_id,customer_id,category,payment_method,order_amount,discount_pct,customer_past_orders,customer_past_returns,customer_return_rate,account_age_days,day_of_week,hour_of_day,address_mismatch,returned
ORD100000,CUST3619,apparel,UPI,989.67,20,2,0,0.0,564,1,7,0,1
ORD100001,CUST1419,books,cod,2352.82,0,3,0,0.0,179,4,13,0,0
ORD100002,CUST1383,electronics,credit_card,82.27,5,2,0,0.0,1035,4,0,0,0
ORD100003,CUST3932,books,cod,401.99,10,1,1,1.0,860,1,14,0,0
ORD100004,CUST4315,apparel,credit_card,411.5,0,2,0,0.0,1430,3,10,0,0
ORD100005,CUST1881,home_goods,UPI,553.6,15,3,3,1.0,190,3,3,0,1
ORD100006,CUST2408,footwear,debit_card,606.36,5,3,0,0.0,89,5,14,0,0
ORD100007,CUST4985,beauty,UPI,1059.65,20,2,0,0.0,1131,2,20,0,1
ORD100008,CUST4529,home_goods,cod,199.03,0,3,1,0.333,394,5,2,0,0
ORD100009,CUST1933,home_goods,UPI,1448.63,15,4,0,0.0,477,6,3,0,0
ORD100010,CUST2857,books,debit_card,213.79,10,4,0,0.0,334,2,11,0,0
ORD100011,CUST2093,books,UPI,993.43,30,6,0,0.0,1248,5,5,0,0
ORD100012,CUST2002,electronics,netbanking,1842.7,30,0,0,0.0,778,2,20,0,0
ORD100013,CUST1899,books,debit_card,484.73,5,4,2,0.5,115,1,1,0,0
ORD100014,CUST2643,home_goods,UPI,282.02,0,2,0,0.0,433,4,22,0,0
ORD100015,CUST3684,beauty,netbanking,419.99,10,4,1,0.25,1317,3,4,0,0
ORD100016,CUST2010,books,cod,1063.68,0,3,0,0.0,1104,2,23,0,0
ORD100017,CUST4677,footwear,netbanking,670.03,0,3,1,0.333,742,1,4,0,0
ORD100018,CUST1372,apparel,UPI,500.0,15,4,2,0.5,314,5,5,0,0
ORD100019,CUST2729,footwear,UPI,1880.92,30,3,0,0.0,789,3,19,1,1
ORD100020,CUST3167,home_goods,cod,840.89,0,3,0,0.0,24,5,23,0,0
ORD100021,CUST4624,footwear,debit_card,364.69,20,4,0,0.0,1313,2,3,0,0
ORD100022,CUST1647,beauty,UPI,1343.37,15,4,1,0.25,1479,5,8,1,0
ORD100023,CUST4120,electronics,cod,282.39,40,3,1,0.333,218,6,20,0,1
ORD100024,CUST3617,footwear,cod,337.84,30,2,2,1.0,408,1,11,0,0
ORD100025,CUST3209,footwear,UPI,696.85,30,4,2,0.5,1227,2,15,0,1
ORD100026,CUST4805,home_goods,debit_card,1004.29,20,5,0,0.0,491,0,7,0,0
ORD100027,CUST4878,apparel,UPI,644.38,10,2,0,0.0,1499,3,2,1,1
ORD100028,CUST3181,electronics,credit_card,325.55,10,3,0,0.0,1352,3,17,0,0
ORD100029,CUST3161,footwear,netbanking,3696.55,20,4,0,0.0,434,4,23,0,0
ORD100030,CUST3920,home_goods,netbanking,996.24,10,1,0,0.0,1376,5,11,0,0
ORD100031,CUST3119,beauty,UPI,1417.01,5,5,0,0.0,508,1,2,0,0
ORD100032,CUST3409,footwear,credit_card,948.66,10,1,0,0.0,1206,1,0,0,0
ORD100033,CUST3584,apparel,credit_card,134.83,15,1,0,0.0,139,0,10,0,0
ORD100034,CUST1974,home_goods,netbanking,1686.7,15,1,1,1.0,439,4,4,0,0
ORD100035,CUST4614,footwear,cod,728.37,5,7,0,0.0,969,1,15,0,0
ORD100036,CUST1779,apparel,UPI,450.72,5,1,1,1.0,1350,3,11,0,0
ORD100037,CUST2912,books,UPI,1424.55,30,3,1,0.333,1380,5,20,0,1
ORD100038,CUST2649,books,debit_card,159.15,20,6,1,0.167,224,1,6,0,0
ORD100039,CUST2837,electronics,netbanking,1147.75,5,0,0,0.0,376,2,14,0,0
ORD100040,CUST4781,apparel,netbanking,3071.29,10,3,2,0.667,1128,0,1,0,0
ORD100041,CUST3214,apparel,UPI,706.73,10,2,0,0.0,485,1,13,0,0
ORD100042,CUST1875,beauty,UPI,344.54,0,2,1,0.5,338,3,0,1,0
ORD100043,CUST2086,beauty,debit_card,1674.86,40,3,1,0.333,867,5,23,1,0
ORD100044,CUST3276,books,netbanking,522.25,10,1,0,0.0,318,1,9,0,0
ORD100045,CUST1239,footwear,cod,1007.75,50,3,1,0.333,125,5,10,0,0
ORD100046,CUST3392,beauty,cod,795.74,0,6,0,0.0,1088,1,1,1,1
ORD100047,CUST1328,electronics,UPI,3834.68,5,2,0,0.0,1219,0,21,0,0
ORD100048,CUST2653,apparel,cod,874.28,5,6,1,0.167,505,4,19,0,1
ORD100049,CUST1335,beauty,cod,627.1,30,3,3,1.0,1158,4,10,1,0
ORD100050,CUST1836,books,debit_card,609.78,30,8,0,0.0,489,2,12,0,0
ORD100051,CUST3643,home_goods,netbanking,222.54,15,2,1,0.5,648,6,2,0,0
ORD100052,CUST3544,footwear,UPI,1708.61,15,3,0,0.0,151,4,6,0,0
ORD100053,CUST1542,home_goods,UPI,2189.08,0,1,0,0.0,501,2,9,0,0
ORD100054,CUST4415,footwear,debit_card,258.11,40,4,2,0.5,1253,6,20,0,1
ORD100055,CUST3735,footwear,debit_card,170.25,10,4,0,0.0,1359,0,4,0,0
ORD100056,CUST4644,apparel,cod,891.83,0,4,0,0.0,319,2,9,0,0
ORD100057,CUST3939,home_goods,credit_card,435.19,0,1,0,0.0,1408,5,8,0,0
ORD100058,CUST2028,apparel,UPI,696.44,15,0,0,0.0,1300,3,8,0,0
ORD100059,CUST2366,electronics,debit_card,607.98,30,2,0,0.0,331,5,14,0,0
ORD100060,CUST2751,footwear,UPI,197.92,10,1,0,0.0,230,0,22,1,1
ORD100061,CUST3234,apparel,debit_card,680.55,10,1,0,0.0,1193,4,4,0,0
ORD100062,CUST1171,home_goods,debit_card,363.19,0,2,0,0.0,82,2,6,0,0
ORD100063,CUST3731,apparel,debit_card,2565.0,20,1,0,0.0,1147,6,13,1,0
ORD100064,CUST4069,electronics,credit_card,467.59,0,3,0,0.0,333,6,5,0,1
ORD100065,CUST1101,electronics,debit_card,217.27,0,1,0,0.0,844,6,21,0,0
ORD100066,CUST4320,electronics,debit_card,342.8,30,1,0,0.0,327,6,22,0,1
ORD100067,CUST4572,apparel,netbanking,549.41,50,3,2,0.667,456,1,14,0,1
ORD100068,CUST4360,electronics,credit_card,1403.06,0,3,0,0.0,49,5,6,0,0
ORD100069,CUST2141,apparel,debit_card,1108.62,0,2,0,0.0,720,5,16,0,0
ORD100070,CUST4455,footwear,debit_card,1487.77,5,5,3,0.6,57,0,8,0,0
ORD100071,CUST4942,home_goods,UPI,712.85,15,3,0,0.0,223,4,13,0,0
ORD100072,CUST4221,home_goods,netbanking,1027.4,10,4,0,0.0,1242,4,3,0,0
ORD100073,CUST3361,electronics,debit_card,1542.68,10,3,1,0.333,91,5,13,0,0
ORD100074,CUST4791,footwear,credit_card,759.12,5,3,2,0.667,746,3,2,1,0
ORD100075,CUST4771,home_goods,cod,1292.42,0,5,1,0.2,643,5,3,0,0
ORD100076,CUST2230,footwear,debit_card,466.18,0,5,0,0.0,1366,3,10,0,0
ORD100077,CUST2211,footwear,credit_card,762.4,10,3,0,0.0,393,3,21,1,0
ORD100078,CUST3774,books,credit_card,725.98,15,4,0,0.0,1261,4,9,0,0
ORD100079,CUST4414,apparel,debit_card,301.36,50,4,0,0.0,588,1,13,0,0
ORD100080,CUST3484,books,debit_card,586.16,30,0,0,0.0,953,3,14,0,0
ORD100081,CUST3093,beauty,credit_card,1285.03,5,3,0,0.0,1350,0,9,0,0
ORD100082,CUST3592,footwear,debit_card,661.61,10,4,1,0.25,192,6,7,0,1
ORD100083,CUST1920,electronics,credit_card,536.4,0,3,1,0.333,51,0,7,1,1
ORD100084,CUST3503,apparel,netbanking,420.34,0,2,1,0.5,849,5,18,0,0
ORD100085,CUST3852,beauty,netbanking,126.13,15,1,1,1.0,819,1,4,0,0
ORD100086,CUST1022,apparel,netbanking,273.57,0,3,0,0.0,449,1,22,0,0
ORD100087,CUST1205,footwear,credit_card,719.82,0,2,0,0.0,249,3,4,0,0
ORD100088,CUST3734,footwear,cod,802.49,5,2,1,0.5,1220,2,14,0,0
ORD100089,CUST3946,footwear,netbanking,863.42,10,4,0,0.0,1123,3,5,0,0
ORD100090,CUST2944,beauty,debit_card,238.81,15,4,1,0.25,507,6,20,0,1
ORD100091,CUST4185,footwear,netbanking,508.48,0,3,0,0.0,1284,1,8,0,1
ORD100092,CUST3922,home_goods,credit_card,675.02,0,1,1,1.0,557,2,10,0,0
ORD100093,CUST1330,electronics,credit_card,922.05,15,2,0,0.0,474,3,22,0,0
ORD100094,CUST1876,apparel,netbanking,816.33,15,3,0,0.0,835,2,17,0,0
ORD100095,CUST1255,electronics,netbanking,503.5,15,2,0,0.0,798,6,18,1,0
ORD100096,CUST1080,footwear,netbanking,1052.76,10,4,0,0.0,977,0,11,0,0
ORD100097,CUST2597,beauty,cod,662.31,15,2,0,0.0,1119,6,19,0,0
ORD100098,CUST2999,electronics,debit_card,3229.3,10,4,0,0.0,893,3,0,0,0
ORD100099,CUST3739,books,netbanking,231.49,10,7,0,0.0,1484,1,14,1,1
ORD100100,CUST3548,footwear,UPI,937.95,0,2,1,0.5,807,4,18,0,1
ORD100101,CUST1343,books,netbanking,1641.32,30,2,0,0.0,278,6,14,0,0
ORD100102,CUST2065,beauty,debit_card,288.88,20,1,0,0.0,434,3,10,0,1
ORD100103,CUST4603,beauty,debit_card,1518.5,30,2,1,0.5,864,2,2,0,1
ORD100104,CUST4068,footwear,UPI,1176.99,20,5,3,0.6,717,1,20,0,0
ORD100105,CUST4921,books,UPI,330.93,0,2,0,0.0,64,1,6,0,0
ORD100106,CUST3544,electronics,credit_card,141.61,15,3,0,0.0,259,3,21,0,0
ORD100107,CUST4882,electronics,netbanking,639.34,15,2,2,1.0,1433,2,11,0,0
ORD100108,CUST3487,books,UPI,399.34,0,3,3,1.0,336,2,3,0,0
ORD100109,CUST4804,home_goods,cod,1257.3,0,2,0,0.0,1388,3,12,1,0
ORD100110,CUST1812,apparel,cod,339.65,30,1,1,1.0,1415,6,20,0,1
ORD100111,CUST3855,home_goods,cod,336.82,10,3,0,0.0,248,6,18,0,0
ORD100112,CUST2422,footwear,netbanking,439.62,30,4,1,0.25,1355,2,2,0,0
ORD100113,CUST2397,apparel,netbanking,805.95,15,8,2,0.25,1004,0,13,1,1
ORD100114,CUST3603,beauty,credit_card,494.6,20,4,0,0.0,892,1,23,0,0
ORD100115,CUST3664,home_goods,cod,678.38,5,3,1,0.333,1103,6,15,0,1
ORD100116,CUST4382,books,cod,1749.68,40,3,0,0.0,550,2,7,0,0
ORD100117,CUST1354,home_goods,netbanking,739.8,5,1,1,1.0,500,6,14,0,0
ORD100118,CUST3736,beauty,debit_card,598.94,20,4,0,0.0,59,3,10,0,0
ORD100119,CUST1868,home_goods,debit_card,1117.57,0,2,0,0.0,698,2,19,0,1
ORD100120,CUST2131,footwear,UPI,556.72,40,3,1,0.333,1059,1,2,0,1
ORD100121,CUST2664,beauty,cod,376.64,0,5,2,0.4,493,5,15,0,1
ORD100122,CUST3010,beauty,UPI,1112.29,0,0,0,0.0,191,2,7,0,0
ORD100123,CUST1996,home_goods,cod,291.61,0,3,0,0.0,756,3,17,0,0
ORD100124,CUST2742,books,cod,1303.12,5,1,0,0.0,678,2,22,0,0
ORD100125,CUST2255,home_goods,credit_card,4806.98,5,3,0,0.0,248,5,6,0,0
ORD100126,CUST4042,footwear,credit_card,663.23,15,2,0,0.0,393,1,23,0,0
ORD100127,CUST3967,footwear,cod,545.8,0,1,0,0.0,1223,2,3,0,0
ORD100128,CUST2213,electronics,debit_card,1467.19,0,1,1,1.0,368,2,0,0,0
ORD100129,CUST1518,home_goods,UPI,2834.4,30,4,1,0.25,112,4,9,0,0
ORD100130,CUST1517,books,netbanking,3498.92,10,2,0,0.0,211,6,0,0,0
ORD100131,CUST2922,beauty,netbanking,514.77,50,2,1,0.5,698,1,1,0,0
ORD100132,CUST4529,beauty,UPI,315.27,50,4,0,0.0,134,3,15,0,0
ORD100133,CUST3578,books,UPI,1592.14,20,3,1,0.333,311,1,18,1,1
ORD100134,CUST1348,electronics,UPI,190.67,20,4,0,0.0,1143,6,13,0,1
ORD100135,CUST4238,footwear,credit_card,1018.71,15,4,0,0.0,1071,3,14,1,1
ORD100136,CUST2217,footwear,netbanking,861.81,10,3,0,0.0,626,4,19,0,0
ORD100137,CUST4932,books,UPI,497.72,50,3,0,0.0,426,5,6,0,1
ORD100138,CUST1332,electronics,credit_card,191.58,0,2,1,0.5,356,4,2,0,0
ORD100139,CUST2673,beauty,cod,2209.69,0,1,1,1.0,963,2,1,0,0
ORD100140,CUST3895,home_goods,netbanking,902.84,15,2,0,0.0,146,5,7,1,0
ORD100141,CUST4226,books,cod,1190.47,0,3,0,0.0,1355,6,6,0,0
ORD100142,CUST3230,electronics,credit_card,743.58,30,4,0,0.0,545,6,4,0,0
ORD100143,CUST1679,home_goods,cod,313.95,15,3,1,0.333,1166,2,14,0,0
ORD100144,CUST3820,home_goods,netbanking,648.91,15,2,2,1.0,558,4,17,0,0
ORD100145,CUST1329,footwear,UPI,278.2,15,3,1,0.333,885,5,10,0,1
ORD100146,CUST1105,apparel,credit_card,873.48,20,5,1,0.2,1381,6,18,0,1
ORD100147,CUST1084,books,debit_card,732.45,0,2,1,0.5,1181,0,5,0,0
ORD100148,CUST3668,beauty,debit_card,398.95,0,1,1,1.0,372,4,13,0,0
ORD100149,CUST3014,apparel,netbanking,1458.86,10,1,0,0.0,713,3,10,0,0
ORD100150,CUST1428,electronics,debit_card,2113.94,10,5,0,0.0,844,5,15,0,0
ORD100151,CUST4871,beauty,cod,1220.65,0,3,0,0.0,76,3,2,0,0
ORD100152,CUST2324,apparel,netbanking,331.47,5,5,0,0.0,1054,6,0,0,0
ORD100153,CUST3222,beauty,netbanking,1032.81,0,2,0,0.0,112,1,16,0,0
ORD100154,CUST4098,beauty,netbanking,654.77,30,1,1,1.0,106,1,8,0,0
ORD100155,CUST4799,home_goods,netbanking,691.66,0,3,1,0.333,1431,3,3,0,0
ORD100156,CUST3580,footwear,credit_card,374.38,30,2,1,0.5,1454,1,9,0,0
ORD100157,CUST3262,beauty,UPI,1011.8,30,1,0,0.0,461,6,3,0,0
ORD100158,CUST1481,books,credit_card,1438.14,0,4,1,0.25,1021,5,9,0,0
ORD100159,CUST2119,beauty,netbanking,1452.6,50,1,1,1.0,968,1,14,0,0
ORD100160,CUST2571,electronics,cod,275.72,5,1,0,0.0,1041,5,4,0,0
ORD100161,CUST2131,beauty,debit_card,801.94,30,3,2,0.667,1040,2,0,0,0
ORD100162,CUST2222,footwear,cod,540.02,0,4,0,0.0,1352,3,4,0,0
ORD100163,CUST2983,home_goods,debit_card,2360.84,5,4,0,0.0,1131,6,17,0,1
ORD100164,CUST4820,home_goods,credit_card,705.14,30,2,1,0.5,1429,1,18,0,1
ORD100165,CUST4506,beauty,UPI,1172.02,0,2,0,0.0,652,5,15,0,1
ORD100166,CUST4323,beauty,netbanking,153.09,5,7,1,0.143,1360,6,20,1,0
ORD100167,CUST3028,apparel,credit_card,1387.5,30,3,0,0.0,1029,4,10,0,0
ORD100168,CUST4580,beauty,UPI,290.25,50,5,0,0.0,1078,3,0,0,1
ORD100169,CUST2679,books,credit_card,670.67,5,2,0,0.0,154,3,8,0,0
ORD100170,CUST3837,beauty,UPI,695.98,50,3,0,0.0,673,6,21,0,0
ORD100171,CUST2556,home_goods,netbanking,1024.63,15,1,1,1.0,1109,0,19,0,0
ORD100172,CUST3585,books,debit_card,423.72,0,1,1,1.0,466,5,2,0,0
ORD100173,CUST1403,books,UPI,194.91,15,2,1,0.5,909,1,22,0,0
ORD100174,CUST1118,apparel,debit_card,260.84,30,2,0,0.0,115,2,11,0,0
ORD100175,CUST1596,electronics,cod,429.66,10,1,0,0.0,844,4,21,0,1
ORD100176,CUST1696,electronics,UPI,300.28,10,2,0,0.0,1249,6,12,0,0
ORD100177,CUST1986,beauty,cod,1693.54,10,4,2,0.5,294,1,14,0,0
ORD100178,CUST2882,home_goods,UPI,185.06,30,0,0,0.0,953,2,21,0,0
ORD100179,CUST1302,beauty,debit_card,1204.33,15,1,0,0.0,1204,2,20,1,0
ORD100180,CUST3827,home_goods,netbanking,714.02,15,0,0,0.0,619,1,12,0,0
ORD100181,CUST1436,electronics,netbanking,350.03,5,3,0,0.0,1172,2,18,0,0
ORD100182,CUST3864,home_goods,UPI,1717.39,5,0,0,0.0,1349,3,8,0,1
ORD100183,CUST4543,books,UPI,1475.63,15,2,1,0.5,1242,5,15,0,0
ORD100184,CUST4698,home_goods,credit_card,417.09,50,6,1,0.167,1244,6,11,0,0
ORD100185,CUST1778,footwear,debit_card,288.34,10,3,0,0.0,1389,6,23,0,1
ORD100186,CUST3788,electronics,UPI,227.59,30,6,1,0.167,1286,5,1,0,0
ORD100187,CUST2805,apparel,cod,768.79,50,1,0,0.0,748,5,4,0,0
ORD100188,CUST2208,home_goods,netbanking,1274.3,0,6,0,0.0,360,1,4,0,0
ORD100189,CUST4589,home_goods,cod,865.17,20,2,0,0.0,1028,2,5,0,0
ORD100190,CUST4377,beauty,debit_card,1863.82,0,3,0,0.0,694,6,3,0,0
ORD100191,CUST1308,electronics,credit_card,597.52,20,0,0,0.0,1386,5,21,1,1
ORD100192,CUST4961,footwear,debit_card,208.54,0,4,2,0.5,185,6,12,0,0
ORD100193,CUST3197,apparel,netbanking,2552.62,0,3,0,0.0,755,5,23,0,0
ORD100194,CUST3394,beauty,debit_card,423.52,15,5,1,0.2,222,5,7,0,0
ORD100195,CUST3537,footwear,debit_card,580.48,20,4,0,0.0,1250,1,20,0,0
ORD100196,CUST4374,beauty,debit_card,622.57,15,7,0,0.0,1330,3,3,0,0
ORD100197,CUST4875,apparel,debit_card,1735.26,15,2,0,0.0,1009,0,3,0,0
ORD100198,CUST3201,electronics,netbanking,436.06,10,3,2,0.667,930,2,21,1,0
ORD100199,CUST3852,footwear,netbanking,260.88,0,2,0,0.0,1203,5,23,0,0
ORD100200,CUST2699,books,UPI,410.85,15,4,0,0.0,1003,4,13,1,0
ORD100201,CUST2145,apparel,debit_card,329.51,40,3,1,0.333,445,3,14,1,0
ORD100202,CUST4503,home_goods,UPI,95.64,5,1,1,1.0,1405,2,17,1,1
ORD100203,CUST3641,home_goods,UPI,609.33,5,4,0,0.0,816,2,6,1,0
ORD100204,CUST4887,beauty,UPI,709.1,5,1,0,0.0,1358,1,20,0,0
ORD100205,CUST4977,apparel,UPI,780.91,10,3,1,0.333,684,1,4,0,0
ORD100206,CUST1840,apparel,cod,282.11,0,6,0,0.0,425,4,6,0,0
ORD100207,CUST1954,home_goods,credit_card,574.6,0,2,0,0.0,1221,0,8,0,0
ORD100208,CUST1592,electronics,cod,733.73,0,7,0,0.0,514,6,5,0,0
ORD100209,CUST4548,apparel,credit_card,711.0,10,3,2,0.667,31,2,7,0,0
ORD100210,CUST1064,electronics,debit_card,1387.67,15,5,1,0.2,108,1,23,0,0
ORD100211,CUST1465,books,UPI,508.86,0,3,1,0.333,976,3,11,0,0
ORD100212,CUST1446,beauty,cod,678.15,50,4,1,0.25,454,4,1,0,0
ORD100213,CUST4722,books,cod,682.78,10,3,0,0.0,618,3,20,1,0
ORD100214,CUST1249,beauty,netbanking,761.1,20,4,0,0.0,874,5,3,0,1
ORD100215,CUST4726,beauty,UPI,299.03,20,2,0,0.0,166,2,19,0,0
ORD100216,CUST1516,home_goods,cod,2421.88,15,6,1,0.167,1297,4,17,0,0
ORD100217,CUST2560,footwear,cod,482.19,30,4,0,0.0,604,3,16,0,0
ORD100218,CUST1406,books,UPI,1514.66,40,7,0,0.0,1341,5,17,0,0
ORD100219,CUST1880,beauty,netbanking,1612.7,10,2,0,0.0,468,3,10,0,0
ORD100220,CUST2633,beauty,UPI,867.47,5,5,2,0.4,641,3,10,0,0
ORD100221,CUST2533,electronics,netbanking,1127.21,0,2,0,0.0,138,0,2,0,0
ORD100222,CUST1395,books,debit_card,147.21,15,3,2,0.667,267,4,1,0,0
ORD100223,CUST3300,footwear,debit_card,611.82,20,0,0,0.0,1373,0,13,0,1
ORD100224,CUST3725,beauty,UPI,703.48,0,3,2,0.667,590,4,9,0,1
ORD100225,CUST3367,footwear,credit_card,1121.73,10,5,1,0.2,317,5,15,0,0
ORD100226,CUST1443,home_goods,cod,295.44,10,1,0,0.0,753,0,8,0,0
ORD100227,CUST4306,beauty,cod,734.04,20,2,0,0.0,1274,4,21,0,0
ORD100228,CUST1107,footwear,debit_card,407.72,0,3,0,0.0,60,1,8,0,0
ORD100229,CUST2265,home_goods,debit_card,325.23,10,0,0,0.0,13,1,4,0,0
ORD100230,CUST2641,apparel,credit_card,1583.8,15,4,1,0.25,1297,0,2,0,0
ORD100231,CUST1881,beauty,netbanking,1573.1,10,3,0,0.0,930,2,5,0,0
ORD100232,CUST3955,home_goods,cod,1293.46,20,5,1,0.2,1222,0,1,0,0
ORD100233,CUST4090,footwear,UPI,746.87,15,1,0,0.0,1381,0,8,0,0
ORD100234,CUST2736,beauty,cod,561.77,20,1,0,0.0,906,3,8,0,1
ORD100235,CUST3098,apparel,debit_card,1774.23,5,1,1,1.0,881,0,9,0,1
ORD100236,CUST3429,beauty,cod,902.56,0,2,0,0.0,1367,2,1,0,0
ORD100237,CUST3454,apparel,UPI,171.11,10,1,0,0.0,419,2,6,0,0
ORD100238,CUST4130,home_goods,debit_card,1830.91,15,4,0,0.0,672,0,0,0,0
ORD100239,CUST2763,electronics,credit_card,2026.31,30,5,0,0.0,779,4,22,0,0
ORD100240,CUST3288,books,debit_card,302.04,0,3,0,0.0,148,3,23,0,0
ORD100241,CUST1076,beauty,UPI,1897.41,5,1,0,0.0,642,4,13,0,0
ORD100242,CUST3906,books,netbanking,180.71,0,3,0,0.0,593,0,12,0,0
ORD100243,CUST2330,electronics,cod,1029.7,5,0,0,0.0,943,6,22,1,0
ORD100244,CUST1360,beauty,UPI,540.75,5,3,1,0.333,499,3,18,0,1
ORD100245,CUST1322,beauty,debit_card,610.43,5,2,0,0.0,696,1,10,0,0
ORD100246,CUST1312,footwear,UPI,1108.14,10,2,0,0.0,1087,4,6,1,0
ORD100247,CUST2431,home_goods,credit_card,136.53,15,2,0,0.0,484,0,4,0,0
ORD100248,CUST1710,footwear,credit_card,1604.82,15,2,0,0.0,1343,0,5,1,0
ORD100249,CUST3572,beauty,netbanking,814.84,10,3,1,0.333,1155,6,18,0,1
ORD100250,CUST4785,footwear,cod,899.36,10,4,1,0.25,662,6,20,0,0
ORD100251,CUST2801,apparel,netbanking,5841.58,30,6,0,0.0,906,5,9,0,1
ORD100252,CUST3422,apparel,debit_card,1690.27,30,2,0,0.0,1040,0,9,0,0
ORD100253,CUST1154,apparel,debit_card,3183.23,20,2,0,0.0,588,0,20,0,1
ORD100254,CUST4503,apparel,cod,325.23,40,0,0,0.0,1217,4,12,0,0
ORD100255,CUST3270,books,UPI,1004.29,0,6,0,0.0,922,6,18,0,0
ORD100256,CUST2316,footwear,netbanking,179.07,0,1,1,1.0,1027,1,1,0,1
ORD100257,CUST4321,home_goods,UPI,146.22,0,3,0,0.0,1034,5,5,0,0
ORD100258,CUST3898,beauty,netbanking,299.34,5,5,0,0.0,1074,4,19,0,0
ORD100259,CUST2527,home_goods,netbanking,697.81,5,3,0,0.0,838,6,10,0,0
ORD100260,CUST1214,books,debit_card,395.78,15,5,0,0.0,135,2,3,0,0
ORD100261,CUST2583,home_goods,debit_card,651.67,5,2,1,0.5,1483,6,21,1,0
ORD100262,CUST3468,electronics,debit_card,403.04,5,1,1,1.0,167,4,21,0,0
ORD100263,CUST2432,home_goods,netbanking,334.7,0,3,2,0.667,265,4,22,1,1
ORD100264,CUST2268,footwear,netbanking,909.02,0,5,0,0.0,1318,6,10,0,0
ORD100265,CUST3744,books,cod,775.27,20,3,1,0.333,192,5,21,0,0
ORD100266,CUST2482,apparel,debit_card,921.81,10,2,0,0.0,633,1,6,0,0
ORD100267,CUST4138,beauty,credit_card,1786.65,30,4,1,0.25,464,1,4,0,0
ORD100268,CUST4458,apparel,cod,898.86,20,4,1,0.25,1106,6,23,0,0
ORD100269,CUST1154,books,debit_card,164.83,30,0,0,0.0,1266,1,19,0,0
ORD100270,CUST1664,electronics,cod,558.68,10,2,0,0.0,340,5,14,0,0
ORD100271,CUST2492,books,credit_card,3342.01,5,4,0,0.0,910,4,9,0,0
ORD100272,CUST4210,beauty,credit_card,549.96,5,0,0,0.0,1094,1,9,1,0
ORD100273,CUST4212,beauty,credit_card,118.01,5,0,0,0.0,754,5,18,1,0
ORD100274,CUST2891,home_goods,netbanking,1137.03,10,2,0,0.0,1030,4,13,1,0
ORD100275,CUST4345,electronics,cod,2533.07,10,3,1,0.333,284,6,8,0,1
ORD100276,CUST2968,home_goods,cod,564.21,0,1,1,1.0,211,5,16,0,0
ORD100277,CUST2167,apparel,credit_card,863.13,15,3,1,0.333,559,3,16,0,0
ORD100278,CUST2791,apparel,credit_card,866.14,0,1,1,1.0,924,2,0,0,0
ORD100279,CUST2623,footwear,debit_card,685.6,0,2,0,0.0,483,3,2,0,1
ORD100280,CUST1115,home_goods,UPI,3828.08,10,0,0,0.0,1464,5,10,0,0
ORD100281,CUST1563,apparel,debit_card,951.74,0,7,0,0.0,968,5,4,0,0
ORD100282,CUST2921,beauty,cod,774.15,50,7,0,0.0,11,0,0,0,0
ORD100283,CUST4420,electronics,cod,308.22,15,3,0,0.0,1490,4,16,0,0
ORD100284,CUST4179,home_goods,credit_card,244.61,5,3,0,0.0,617,0,1,0,0
ORD100285,CUST3617,footwear,netbanking,351.8,5,3,1,0.333,129,0,15,0,0
ORD100286,CUST1067,books,cod,810.79,40,3,0,0.0,1178,1,22,0,0
ORD100287,CUST2758,apparel,cod,252.41,0,2,0,0.0,723,1,18,0,0
ORD100288,CUST3721,books,UPI,480.28,40,5,0,0.0,1073,2,2,1,1
ORD100289,CUST3228,footwear,cod,2056.66,10,3,0,0.0,1135,0,12,0,1
ORD100290,CUST1178,books,netbanking,82.82,30,5,1,0.2,765,2,23,0,0
ORD100291,CUST4229,apparel,debit_card,444.37,0,1,0,0.0,494,5,21,0,0
ORD100292,CUST4160,footwear,debit_card,370.48,5,1,1,1.0,274,0,11,0,0
ORD100293,CUST4332,books,credit_card,1133.48,10,4,0,0.0,1403,3,22,0,0
ORD100294,CUST1746,electronics,UPI,412.4,15,2,1,0.5,1467,6,14,0,0
ORD100295,CUST1825,apparel,credit_card,1048.15,0,2,1,0.5,86,2,9,0,0
ORD100296,CUST4339,footwear,netbanking,3283.07,5,9,1,0.111,519,0,20,0,0
ORD100297,CUST2462,apparel,debit_card,945.39,20,4,1,0.25,560,0,11,0,0
ORD100298,CUST2638,books,netbanking,633.82,0,4,0,0.0,792,2,5,0,0
ORD100299,CUST3037,home_goods,cod,549.85,30,2,1,0.5,547,6,2,0,0
ORD100300,CUST1323,beauty,cod,1158.39,15,6,1,0.167,370,4,9,0,0
ORD100301,CUST1327,home_goods,debit_card,298.28,5,4,1,0.25,628,3,19,0,0
ORD100302,CUST1682,books,netbanking,272.27,0,5,0,0.0,720,3,1,0,0
ORD100303,CUST4733,home_goods,cod,525.63,5,2,0,0.0,891,2,20,1,0
ORD100304,CUST4882,apparel,UPI,2232.5,20,3,0,0.0,1375,5,12,0,0
ORD100305,CUST4281,books,credit_card,318.15,15,2,0,0.0,64,1,19,0,0
ORD100306,CUST2794,apparel,credit_card,429.51,15,3,1,0.333,138,1,20,0,0
ORD100307,CUST2568,footwear,UPI,1280.52,5,4,0,0.0,1240,1,21,0,1
ORD100308,CUST2519,home_goods,netbanking,1033.99,0,4,0,0.0,158,4,4,0,0
ORD100309,CUST2630,home_goods,debit_card,1051.16,5,4,0,0.0,512,0,0,0,0
ORD100310,CUST3044,footwear,netbanking,796.52,40,2,1,0.5,1151,0,8,0,0
ORD100311,CUST3883,beauty,credit_card,2332.26,0,2,2,1.0,1254,2,22,1,0
ORD100312,CUST3011,electronics,UPI,380.36,0,1,1,1.0,278,6,2,0,0
ORD100313,CUST4680,books,netbanking,921.78,30,4,1,0.25,180,6,21,1,0
ORD100314,CUST2309,books,debit_card,1149.02,15,3,1,0.333,1454,0,17,0,0
ORD100315,CUST4650,home_goods,credit_card,227.95,20,4,1,0.25,1458,5,22,0,0
ORD100316,CUST4250,home_goods,cod,382.87,10,3,1,0.333,460,0,6,0,0
ORD100317,CUST1969,beauty,UPI,1026.76,30,3,0,0.0,740,4,18,0,0
ORD100318,CUST4291,footwear,credit_card,7039.38,5,6,0,0.0,1254,0,2,0,0
ORD100319,CUST3936,books,netbanking,553.44,15,4,2,0.5,1077,3,13,0,0
ORD100320,CUST1302,electronics,debit_card,971.56,0,2,0,0.0,1316,0,14,0,0
ORD100321,CUST3119,home_goods,credit_card,1451.94,10,1,0,0.0,1130,5,18,0,0
ORD100322,CUST4957,electronics,netbanking,531.22,5,1,0,0.0,1030,6,1,0,0
ORD100323,CUST3122,electronics,debit_card,220.94,0,5,1,0.2,338,1,10,1,0
ORD100324,CUST1923,home_goods,cod,80.75,30,2,0,0.0,582,6,2,0,0
ORD100325,CUST3601,footwear,debit_card,324.97,15,3,0,0.0,257,5,9,0,0
ORD100326,CUST1382,footwear,credit_card,641.26,15,3,1,0.333,1213,4,4,0,1
ORD100327,CUST3557,books,cod,888.16,10,3,2,0.667,692,6,18,0,0
ORD100328,CUST4538,apparel,UPI,1789.96,40,1,1,1.0,94,5,18,0,0
ORD100329,CUST1863,footwear,netbanking,409.38,5,5,0,0.0,1266,5,0,0,0
ORD100330,CUST3568,footwear,debit_card,572.83,10,3,0,0.0,1315,2,15,0,0
ORD100331,CUST4306,books,netbanking,566.12,30,2,1,0.5,610,3,2,0,0
ORD100332,CUST1647,beauty,netbanking,1213.06,10,3,0,0.0,992,3,6,0,0
ORD100333,CUST1588,home_goods,debit_card,843.25,40,6,0,0.0,708,3,4,0,0
ORD100334,CUST3109,footwear,UPI,337.61,5,2,1,0.5,654,1,14,0,0
ORD100335,CUST2841,electronics,credit_card,794.58,5,5,1,0.2,199,0,9,1,0
ORD100336,CUST4539,footwear,netbanking,345.88,15,2,1,0.5,509,6,5,0,1
ORD100337,CUST4824,footwear,debit_card,380.92,0,3,0,0.0,389,6,5,0,0
ORD100338,CUST3108,beauty,netbanking,509.73,15,0,0,0.0,632,3,0,0,1
ORD100339,CUST2610,footwear,netbanking,511.04,40,5,0,0.0,494,1,18,0,1
ORD100340,CUST1207,home_goods,netbanking,1684.32,30,3,0,0.0,1224,6,20,0,0
ORD100341,CUST2170,footwear,UPI,644.55,20,3,0,0.0,221,3,4,0,1
ORD100342,CUST3979,home_goods,netbanking,1935.12,0,8,0,0.0,750,0,12,0,0
ORD100343,CUST3301,electronics,debit_card,225.15,15,4,3,0.75,1134,2,2,0,0
ORD100344,CUST2844,footwear,debit_card,414.1,10,4,0,0.0,1277,5,19,0,0
ORD100345,CUST4993,apparel,netbanking,1493.94,5,3,1,0.333,765,6,10,0,0
ORD100346,CUST2497,electronics,credit_card,508.72,0,8,0,0.0,1234,4,12,0,0
ORD100347,CUST1185,apparel,credit_card,906.02,15,2,0,0.0,1462,2,15,0,0
ORD100348,CUST1610,footwear,cod,777.45,30,5,1,0.2,287,2,19,0,1
ORD100349,CUST2609,footwear,debit_card,814.47,50,2,0,0.0,1216,2,16,0,0
ORD100350,CUST3180,beauty,cod,564.15,0,1,0,0.0,614,3,0,0,0
ORD100351,CUST3759,apparel,netbanking,170.41,20,2,0,0.0,1196,2,23,0,0
ORD100352,CUST3577,apparel,cod,1989.03,0,2,0,0.0,972,2,20,0,1
ORD100353,CUST4179,footwear,cod,143.38,15,3,0,0.0,467,5,1,0,0
ORD100354,CUST1698,footwear,cod,616.24,0,3,0,0.0,779,1,21,0,0
ORD100355,CUST3345,books,UPI,1026.05,15,7,0,0.0,391,0,14,0,0
ORD100356,CUST1620,beauty,credit_card,637.83,10,4,0,0.0,841,4,19,1,0
ORD100357,CUST4575,books,UPI,547.46,40,3,1,0.333,1446,1,16,0,0
ORD100358,CUST2331,books,netbanking,2167.97,0,2,0,0.0,1077,3,10,1,0
ORD100359,CUST2882,footwear,debit_card,428.97,40,3,1,0.333,1119,2,21,0,0
ORD100360,CUST3952,books,debit_card,1709.2,20,2,0,0.0,1250,3,6,1,0
ORD100361,CUST2142,footwear,debit_card,340.06,0,4,0,0.0,461,2,9,0,0
ORD100362,CUST3827,books,netbanking,648.82,40,0,0,0.0,650,3,11,0,0
ORD100363,CUST4827,books,debit_card,840.3,10,3,0,0.0,590,0,18,0,0
ORD100364,CUST2555,beauty,debit_card,1698.21,0,0,0,0.0,300,2,1,0,0
ORD100365,CUST3925,apparel,debit_card,4573.52,40,2,0,0.0,906,5,8,0,0
ORD100366,CUST1876,electronics,cod,1736.65,0,0,0,0.0,556,4,22,0,0
ORD100367,CUST1447,footwear,cod,811.87,5,3,1,0.333,491,1,1,0,1
ORD100368,CUST3175,electronics,credit_card,1215.93,15,2,0,0.0,108,0,13,0,0
ORD100369,CUST2934,apparel,credit_card,2268.98,0,1,1,1.0,11,4,5,0,0
ORD100370,CUST4829,beauty,netbanking,2350.76,5,5,1,0.2,1333,1,9,0,0
ORD100371,CUST3645,apparel,UPI,1340.55,50,2,0,0.0,1336,4,7,0,0
ORD100372,CUST3961,apparel,credit_card,1476.24,40,3,0,0.0,856,6,5,1,0
ORD100373,CUST1148,beauty,netbanking,276.91,50,3,1,0.333,382,5,9,0,1
ORD100374,CUST1037,home_goods,cod,1328.97,30,1,0,0.0,1235,0,10,0,0
ORD100375,CUST3626,footwear,cod,311.33,10,5,0,0.0,1012,1,16,0,0
ORD100376,CUST1789,apparel,debit_card,340.74,30,2,0,0.0,333,5,14,0,0
ORD100377,CUST3943,electronics,UPI,1241.75,10,1,0,0.0,691,6,9,0,0
ORD100378,CUST4101,electronics,credit_card,1827.98,15,6,0,0.0,1252,6,20,0,0
ORD100379,CUST4387,beauty,cod,602.95,15,3,0,0.0,672,0,12,0,0
ORD100380,CUST1756,electronics,netbanking,933.25,0,2,2,1.0,663,1,0,0,1
ORD100381,CUST1964,beauty,debit_card,144.57,0,1,0,0.0,676,2,18,0,0
ORD100382,CUST1046,home_goods,debit_card,214.19,15,4,0,0.0,1419,1,1,0,0
ORD100383,CUST2906,home_goods,credit_card,280.77,0,3,0,0.0,831,5,16,1,0
ORD100384,CUST4636,books,debit_card,478.6,10,2,2,1.0,1414,0,20,1,0
ORD100385,CUST2208,home_goods,cod,90.86,0,4,0,0.0,453,1,4,0,0
ORD100386,CUST2863,books,cod,1083.74,15,1,0,0.0,766,3,22,0,0
ORD100387,CUST2928,footwear,credit_card,918.41,15,2,0,0.0,507,5,19,0,0
ORD100388,CUST1335,footwear,netbanking,1678.87,0,2,1,0.5,1082,5,11,0,0
ORD100389,CUST3310,apparel,UPI,198.03,10,7,0,0.0,1122,4,6,0,0
ORD100390,CUST1613,electronics,debit_card,3267.84,10,4,1,0.25,1066,3,3,0,0
ORD100391,CUST3936,footwear,netbanking,573.25,30,3,0,0.0,187,4,14,0,0
ORD100392,CUST2857,electronics,cod,2221.88,5,5,1,0.2,851,3,18,0,0
ORD100393,CUST2893,books,debit_card,1855.47,0,3,0,0.0,1482,0,12,0,0
ORD100394,CUST1012,books,credit_card,262.58,0,3,0,0.0,1185,0,1,0,0
ORD100395,CUST3868,apparel,cod,268.77,0,0,0,0.0,124,0,15,0,0
ORD100396,CUST2674,electronics,credit_card,413.59,0,2,0,0.0,1314,5,20,1,0
ORD100397,CUST2533,beauty,netbanking,387.09,0,4,1,0.25,774,3,2,0,1
ORD100398,CUST3710,footwear,credit_card,1309.52,0,4,2,0.5,1339,6,11,0,0
ORD100399,CUST3200,beauty,cod,1304.52,0,2,0,0.0,261,5,7,0,0
ORD100400,CUST4097,apparel,debit_card,289.79,10,4,0,0.0,949,5,23,0,0
ORD100401,CUST3178,beauty,credit_card,264.15,15,1,0,0.0,507,3,11,0,0
ORD100402,CUST1772,books,UPI,1012.47,5,4,0,0.0,66,6,21,0,0
ORD100403,CUST4137,apparel,credit_card,1005.47,30,2,0,0.0,423,0,3,0,0
ORD100404,CUST2828,footwear,UPI,492.08,50,5,1,0.2,502,5,1,0,0
ORD100405,CUST1959,footwear,credit_card,232.45,10,3,2,0.667,116,1,16,1,0
ORD100406,CUST1959,books,cod,310.49,20,2,0,0.0,654,4,19,0,1
ORD100407,CUST4352,home_goods,credit_card,1366.92,5,5,0,0.0,619,1,21,0,0
ORD100408,CUST2693,home_goods,debit_card,1191.69,0,3,0,0.0,125,4,18,0,0
ORD100409,CUST4733,electronics,netbanking,337.82,10,3,0,0.0,1139,3,1,1,0
ORD100410,CUST4856,books,netbanking,706.77,10,2,2,1.0,1075,2,22,0,0
ORD100411,CUST1611,home_goods,netbanking,2435.13,10,1,0,0.0,377,6,17,0,0
ORD100412,CUST4478,electronics,debit_card,579.26,0,6,2,0.333,1450,1,14,1,0
ORD100413,CUST3303,beauty,netbanking,328.7,15,2,1,0.5,1142,4,4,0,0
ORD100414,CUST2044,electronics,debit_card,137.55,0,3,0,0.0,1325,0,14,0,0
ORD100415,CUST1378,footwear,credit_card,1346.31,0,0,0,0.0,106,2,12,0,0
ORD100416,CUST3469,apparel,UPI,678.5,30,3,0,0.0,386,6,18,0,0
ORD100417,CUST3289,electronics,netbanking,190.72,0,1,0,0.0,428,6,10,0,0
ORD100418,CUST4723,apparel,credit_card,648.58,10,5,0,0.0,390,5,3,0,0
ORD100419,CUST4089,beauty,credit_card,264.36,0,2,1,0.5,1425,4,22,0,0
ORD100420,CUST4748,electronics,cod,665.08,20,2,0,0.0,659,6,9,0,0
ORD100421,CUST3185,books,debit_card,1534.87,0,2,0,0.0,632,2,11,0,0
ORD100422,CUST3036,beauty,UPI,336.08,0,2,0,0.0,1480,3,10,1,0
ORD100423,CUST2518,home_goods,netbanking,3218.57,5,6,1,0.167,94,4,7,0,0
ORD100424,CUST1066,home_goods,cod,994.49,5,1,0,0.0,1197,4,23,0,0
ORD100425,CUST1624,electronics,debit_card,1227.77,5,4,1,0.25,472,3,18,0,0
ORD100426,CUST3045,footwear,debit_card,936.97,5,1,0,0.0,528,6,15,1,0
ORD100427,CUST3628,books,netbanking,127.49,10,2,0,0.0,944,1,23,0,0
ORD100428,CUST1693,electronics,cod,3275.63,0,5,0,0.0,1001,1,17,1,0
ORD100429,CUST4920,apparel,cod,173.1,0,2,0,0.0,70,6,2,1,0
ORD100430,CUST3737,apparel,UPI,3759.51,30,4,0,0.0,845,1,20,0,1
ORD100431,CUST3896,electronics,UPI,188.37,0,2,0,0.0,448,4,14,0,0
ORD100432,CUST3530,books,cod,996.72,30,1,1,1.0,990,5,15,0,1
ORD100433,CUST3179,footwear,netbanking,777.73,0,4,0,0.0,25,0,16,0,0
ORD100434,CUST3194,home_goods,UPI,1147.86,15,3,1,0.333,1029,6,22,0,0
ORD100435,CUST4302,electronics,UPI,387.63,10,2,0,0.0,198,4,4,0,0
ORD100436,CUST3538,footwear,debit_card,236.49,10,0,0,0.0,726,2,12,0,0
ORD100437,CUST4929,beauty,netbanking,814.08,30,6,0,0.0,1158,1,22,0,0
ORD100438,CUST3801,apparel,UPI,237.31,0,4,0,0.0,192,3,12,0,0
ORD100439,CUST2949,apparel,UPI,487.77,0,1,0,0.0,1440,1,2,0,0
ORD100440,CUST2777,books,debit_card,99.37,30,2,0,0.0,1159,6,3,0,0
ORD100441,CUST4764,apparel,credit_card,1496.32,15,1,0,0.0,433,6,22,0,0
ORD100442,CUST2947,home_goods,UPI,765.27,15,0,0,0.0,153,5,8,0,0
ORD100443,CUST3308,books,UPI,618.24,0,2,2,1.0,368,6,10,0,0
ORD100444,CUST1848,footwear,credit_card,353.73,0,4,0,0.0,1460,6,12,1,0
ORD100445,CUST2225,electronics,cod,726.55,20,2,0,0.0,493,4,12,0,0
ORD100446,CUST3214,home_goods,netbanking,1092.91,10,2,0,0.0,287,6,22,0,0
ORD100447,CUST3051,books,debit_card,994.43,30,2,1,0.5,110,0,13,0,0
ORD100448,CUST1311,home_goods,cod,1766.33,10,4,1,0.25,1258,4,12,1,0
ORD100449,CUST2336,apparel,debit_card,113.52,10,3,0,0.0,923,3,7,0,0
ORD100450,CUST4854,beauty,netbanking,417.62,15,3,0,0.0,381,5,18,0,0
ORD100451,CUST1351,footwear,debit_card,5197.46,15,2,0,0.0,505,5,2,0,0
ORD100452,CUST1631,beauty,credit_card,181.8,15,5,0,0.0,798,2,11,0,0
ORD100453,CUST1021,home_goods,netbanking,877.76,5,0,0,0.0,738,6,8,0,0
ORD100454,CUST1357,electronics,netbanking,1110.35,0,1,1,1.0,920,4,17,0,0
ORD100455,CUST1423,apparel,UPI,1431.83,0,0,0,0.0,725,4,2,0,1
ORD100456,CUST4213,home_goods,netbanking,1812.52,10,4,0,0.0,26,2,13,0,0
ORD100457,CUST1346,books,cod,1010.35,15,2,0,0.0,498,4,16,0,0
ORD100458,CUST2559,electronics,credit_card,202.08,5,2,1,0.5,551,2,8,0,0
ORD100459,CUST1259,electronics,netbanking,4200.3,15,6,0,0.0,566,3,9,0,0
ORD100460,CUST1315,home_goods,debit_card,344.07,0,5,0,0.0,506,5,20,0,0
ORD100461,CUST3525,electronics,netbanking,1040.82,5,5,1,0.2,220,1,9,0,0
ORD100462,CUST2620,home_goods,cod,677.06,5,3,0,0.0,779,6,10,0,0
ORD100463,CUST2763,books,cod,1071.86,40,4,1,0.25,279,2,10,0,0
ORD100464,CUST3847,electronics,netbanking,653.0,0,4,2,0.5,644,1,12,1,0
ORD100465,CUST2193,books,netbanking,867.13,15,4,0,0.0,1180,6,7,0,0
ORD100466,CUST2148,beauty,debit_card,599.97,15,5,1,0.2,234,4,6,0,0
ORD100467,CUST3234,electronics,cod,1035.55,0,1,0,0.0,56,5,14,1,1
ORD100468,CUST1858,beauty,debit_card,271.61,30,3,0,0.0,1419,0,13,0,0
ORD100469,CUST1570,books,debit_card,900.59,20,3,0,0.0,496,2,21,0,0
ORD100470,CUST2733,beauty,UPI,420.99,10,1,1,1.0,920,4,15,0,0
ORD100471,CUST3188,footwear,netbanking,1476.19,5,1,0,0.0,1114,0,11,0,1
ORD100472,CUST4327,footwear,cod,210.88,5,5,1,0.2,1307,0,3,0,0
ORD100473,CUST3693,books,debit_card,1475.08,10,4,0,0.0,341,5,19,0,0
ORD100474,CUST3642,books,netbanking,1321.35,10,5,0,0.0,680,6,13,0,0
ORD100475,CUST1403,home_goods,credit_card,215.45,0,4,0,0.0,1046,5,16,0,0
ORD100476,CUST3816,footwear,credit_card,604.29,0,3,1,0.333,913,2,12,0,0
ORD100477,CUST3783,footwear,cod,610.82,30,4,1,0.25,309,2,0,0,1
ORD100478,CUST2210,beauty,UPI,830.38,10,6,1,0.167,238,6,23,0,0
ORD100479,CUST2277,home_goods,netbanking,213.38,30,2,0,0.0,424,4,15,0,0
ORD100480,CUST1399,beauty,netbanking,802.96,5,5,0,0.0,654,0,9,0,1
ORD100481,CUST3911,apparel,UPI,589.78,5,2,0,0.0,703,5,3,0,0
ORD100482,CUST1673,books,credit_card,768.81,0,3,1,0.333,1057,1,17,0,0
ORD100483,CUST3293,beauty,netbanking,583.2,5,2,0,0.0,475,6,12,0,0
ORD100484,CUST1763,books,netbanking,325.63,5,4,0,0.0,811,0,23,0,0
ORD100485,CUST1808,beauty,cod,241.87,0,4,0,0.0,880,3,0,0,0
ORD100486,CUST1842,home_goods,UPI,483.03,50,4,0,0.0,1183,0,17,0,1
ORD100487,CUST2335,electronics,netbanking,1712.16,0,3,0,0.0,234,2,21,0,0
ORD100488,CUST3161,books,debit_card,466.62,0,1,0,0.0,1223,3,19,0,0
ORD100489,CUST1467,home_goods,debit_card,2409.14,5,4,0,0.0,938,4,5,0,0
ORD100490,CUST3891,home_goods,cod,1875.91,0,2,1,0.5,1209,0,21,0,0
ORD100491,CUST1482,electronics,debit_card,433.14,40,0,0,0.0,240,1,11,0,0
ORD100492,CUST3092,beauty,netbanking,971.01,0,5,0,0.0,1222,1,18,0,0
ORD100493,CUST1760,beauty,cod,276.47,20,5,0,0.0,1421,5,5,0,0
ORD100494,CUST3005,home_goods,credit_card,1206.07,40,4,0,0.0,384,2,14,0,1
ORD100495,CUST4545,home_goods,UPI,2232.04,30,3,2,0.667,993,1,6,0,0
ORD100496,CUST4947,footwear,cod,937.74,5,1,1,1.0,1338,3,13,0,1
ORD100497,CUST2702,books,netbanking,1920.51,0,3,1,0.333,1001,1,2,0,0
ORD100498,CUST4259,electronics,debit_card,620.21,10,4,0,0.0,67,2,7,0,0
ORD100499,CUST1688,beauty,cod,1434.03,15,3,2,0.667,1015,4,16,0,0
ORD100500,CUST1467,home_goods,cod,421.11,30,1,1,1.0,752,4,1,0,0
ORD100501,CUST2807,footwear,credit_card,1688.62,5,4,0,0.0,871,0,23,0,0
ORD100502,CUST4077,electronics,debit_card,855.41,15,1,0,0.0,67,3,8,0,0
ORD100503,CUST4345,apparel,netbanking,1625.33,15,5,0,0.0,241,6,7,0,0
ORD100504,CUST4021,footwear,debit_card,495.88,10,3,1,0.333,1456,4,20,0,0
ORD100505,CUST3523,electronics,credit_card,707.39,15,3,0,0.0,424,6,1,0,0
ORD100506,CUST3180,home_goods,cod,807.79,0,2,0,0.0,1104,1,10,1,0
ORD100507,CUST2198,home_goods,cod,172.2,15,4,1,0.25,548,6,16,1,0
ORD100508,CUST3782,apparel,credit_card,1072.22,0,3,1,0.333,843,0,8,0,0
ORD100509,CUST1519,books,credit_card,614.02,10,1,1,1.0,512,1,22,0,0
ORD100510,CUST2013,books,netbanking,2345.64,0,2,0,0.0,1003,1,18,0,0
ORD100511,CUST3571,beauty,netbanking,1706.22,5,1,0,0.0,926,0,20,0,0
ORD100512,CUST4149,apparel,netbanking,151.19,5,1,0,0.0,1056,5,8,0,1
ORD100513,CUST4593,home_goods,netbanking,832.49,20,3,1,0.333,1000,2,18,0,0
ORD100514,CUST4170,books,UPI,1337.96,15,2,1,0.5,1497,3,20,0,0
ORD100515,CUST2467,apparel,cod,611.87,15,3,0,0.0,815,1,13,0,0
ORD100516,CUST3026,home_goods,debit_card,445.41,30,3,0,0.0,581,2,17,0,0
ORD100517,CUST3318,beauty,debit_card,773.92,15,2,0,0.0,1398,6,1,0,0
ORD100518,CUST3564,beauty,UPI,465.56,5,3,0,0.0,255,6,5,0,0
ORD100519,CUST1002,beauty,credit_card,480.15,15,0,0,0.0,1411,1,20,0,0
ORD100520,CUST4581,home_goods,UPI,708.82,0,4,3,0.75,1341,2,8,0,0
ORD100521,CUST3721,books,credit_card,607.42,5,6,0,0.0,107,3,20,0,0
ORD100522,CUST3864,electronics,netbanking,1960.31,50,4,1,0.25,1343,0,22,0,0
ORD100523,CUST1874,beauty,UPI,415.5,15,3,0,0.0,272,4,7,0,0
ORD100524,CUST2822,apparel,UPI,462.28,5,1,1,1.0,1425,2,3,1,0
ORD100525,CUST2729,books,credit_card,328.78,20,2,1,0.5,979,0,7,0,0
ORD100526,CUST3993,apparel,UPI,752.38,10,7,0,0.0,642,2,9,0,1
ORD100527,CUST4168,electronics,credit_card,440.62,30,1,0,0.0,141,4,18,0,0
ORD100528,CUST3662,electronics,netbanking,544.65,30,1,1,1.0,720,5,6,0,0
ORD100529,CUST1620,beauty,cod,1663.94,5,1,0,0.0,1407,3,6,0,0
ORD100530,CUST1411,electronics,UPI,193.59,0,5,1,0.2,1208,5,12,0,0
ORD100531,CUST2758,home_goods,credit_card,831.04,5,1,0,0.0,508,2,20,0,0
ORD100532,CUST3266,footwear,cod,615.07,15,1,1,1.0,1477,4,9,0,1
ORD100533,CUST3828,apparel,debit_card,585.27,10,4,1,0.25,421,4,19,0,1
ORD100534,CUST4063,beauty,debit_card,59.97,5,3,0,0.0,1324,0,7,0,0
ORD100535,CUST1461,electronics,netbanking,352.47,0,3,0,0.0,1307,4,2,0,0
ORD100536,CUST1049,home_goods,debit_card,1259.25,40,0,0,0.0,271,3,18,0,0
ORD100537,CUST3237,books,credit_card,689.79,0,5,0,0.0,965,6,2,0,0
ORD100538,CUST1276,apparel,debit_card,259.61,50,4,1,0.25,442,0,1,1,1
ORD100539,CUST2630,footwear,debit_card,189.29,20,2,0,0.0,1288,5,16,0,1
ORD100540,CUST2734,books,netbanking,2127.32,15,3,0,0.0,169,5,17,0,0
ORD100541,CUST1625,home_goods,UPI,65.13,50,3,1,0.333,635,0,16,1,1
ORD100542,CUST4990,electronics,cod,362.96,10,5,0,0.0,670,3,18,0,0
ORD100543,CUST4418,books,UPI,634.06,5,4,0,0.0,636,5,13,0,0
ORD100544,CUST4467,electronics,UPI,224.34,10,2,1,0.5,501,0,13,0,0
ORD100545,CUST3507,footwear,UPI,838.59,0,3,1,0.333,634,5,23,0,0
ORD100546,CUST1719,apparel,UPI,343.98,30,0,0,0.0,1450,1,22,0,0
ORD100547,CUST3033,home_goods,cod,1746.36,10,1,0,0.0,1060,6,23,0,0
ORD100548,CUST2523,electronics,debit_card,2489.47,0,5,0,0.0,242,6,0,0,0
ORD100549,CUST2758,home_goods,cod,689.17,20,5,1,0.2,131,2,22,1,0
ORD100550,CUST3570,apparel,netbanking,1765.57,20,3,1,0.333,933,4,11,0,1
ORD100551,CUST4519,footwear,credit_card,1147.21,15,4,0,0.0,754,1,8,0,0
ORD100552,CUST4662,footwear,UPI,1412.26,15,2,0,0.0,468,5,16,0,0
ORD100553,CUST4517,apparel,credit_card,313.46,10,2,0,0.0,95,3,11,0,1
ORD100554,CUST1614,electronics,UPI,919.08,0,4,1,0.25,1133,6,22,0,0
ORD100555,CUST2717,electronics,debit_card,2629.96,0,2,0,0.0,509,3,23,0,0
ORD100556,CUST4383,apparel,cod,918.51,20,1,0,0.0,764,0,16,0,1
ORD100557,CUST1215,electronics,credit_card,99.75,0,4,0,0.0,1057,0,12,0,0
ORD100558,CUST2905,home_goods,debit_card,409.13,5,5,1,0.2,671,0,17,0,0
ORD100559,CUST2511,electronics,debit_card,323.59,40,0,0,0.0,1155,6,9,0,1
ORD100560,CUST1993,beauty,debit_card,1928.13,0,4,0,0.0,1212,3,6,0,0
ORD100561,CUST3238,electronics,credit_card,493.56,0,4,0,0.0,14,3,0,0,0
ORD100562,CUST2418,books,UPI,629.85,10,4,0,0.0,687,0,21,0,0
ORD100563,CUST4023,books,debit_card,514.1,15,4,1,0.25,213,1,16,1,0
ORD100564,CUST2719,beauty,UPI,1700.63,30,2,0,0.0,292,5,8,0,1
ORD100565,CUST4773,electronics,cod,1034.33,0,4,1,0.25,846,5,11,0,0
ORD100566,CUST4063,apparel,cod,448.81,0,2,0,0.0,196,4,4,0,0
ORD100567,CUST2615,apparel,cod,432.35,5,2,1,0.5,1163,0,13,0,0
ORD100568,CUST1535,electronics,debit_card,1305.69,0,1,0,0.0,535,6,10,1,0
ORD100569,CUST2609,books,debit_card,265.84,0,6,2,0.333,652,3,8,0,0
ORD100570,CUST4864,electronics,credit_card,780.23,0,3,0,0.0,1198,0,4,0,0
ORD100571,CUST2841,beauty,debit_card,931.28,10,3,0,0.0,833,0,17,0,0
ORD100572,CUST4155,electronics,netbanking,2150.59,5,4,0,0.0,632,3,8,0,0
ORD100573,CUST1370,electronics,debit_card,855.28,5,4,1,0.25,1444,5,19,0,1
ORD100574,CUST4423,home_goods,credit_card,257.34,0,1,0,0.0,187,5,7,1,0
ORD100575,CUST2623,footwear,UPI,1972.12,0,2,0,0.0,1387,2,8,0,0
ORD100576,CUST1712,apparel,netbanking,1953.38,10,4,0,0.0,927,4,23,0,1
ORD100577,CUST1387,beauty,UPI,1761.92,50,6,1,0.167,287,0,0,0,1
ORD100578,CUST4198,electronics,credit_card,558.31,15,3,2,0.667,406,6,12,0,1
ORD100579,CUST3581,books,UPI,327.31,0,4,1,0.25,1193,4,8,1,0
ORD100580,CUST1307,apparel,UPI,297.53,30,3,0,0.0,405,5,14,0,0
ORD100581,CUST1376,home_goods,UPI,547.07,30,3,2,0.667,88,3,1,0,1
ORD100582,CUST3350,beauty,netbanking,412.76,5,2,0,0.0,1017,0,12,0,1
ORD100583,CUST1707,home_goods,credit_card,259.42,0,3,0,0.0,384,2,8,0,0
ORD100584,CUST1608,apparel,cod,1188.47,10,4,0,0.0,1269,4,7,0,0
ORD100585,CUST3043,beauty,cod,568.16,10,7,0,0.0,982,0,2,0,0
ORD100586,CUST1562,beauty,credit_card,277.63,0,0,0,0.0,1317,6,16,0,0
ORD100587,CUST4285,footwear,UPI,330.11,10,4,1,0.25,784,6,22,0,0
ORD100588,CUST3230,beauty,debit_card,695.54,10,1,0,0.0,1159,4,10,0,0
ORD100589,CUST1736,apparel,debit_card,2524.77,0,3,1,0.333,1223,1,0,0,0
ORD100590,CUST4188,home_goods,UPI,1075.02,15,2,1,0.5,967,4,11,0,1
ORD100591,CUST1953,electronics,UPI,132.44,15,6,0,0.0,508,5,7,0,0
ORD100592,CUST4343,books,UPI,545.18,40,3,0,0.0,450,4,12,0,0
ORD100593,CUST4437,electronics,credit_card,321.07,20,1,0,0.0,485,4,10,0,1
ORD100594,CUST3857,home_goods,cod,398.09,10,3,0,0.0,58,5,22,0,0
ORD100595,CUST3325,footwear,credit_card,243.13,20,4,0,0.0,1154,1,15,0,0
ORD100596,CUST1719,beauty,UPI,1363.81,0,2,0,0.0,185,0,7,0,0
ORD100597,CUST1081,footwear,netbanking,240.54,0,3,1,0.333,2,2,19,0,0
ORD100598,CUST1534,home_goods,credit_card,200.98,5,6,2,0.333,663,0,0,0,1
ORD100599,CUST3886,electronics,UPI,984.43,0,4,0,0.0,1078,6,11,1,0
ORD100600,CUST2530,books,netbanking,2976.44,0,1,0,0.0,1201,0,10,0,0
ORD100601,CUST1558,electronics,netbanking,1185.91,15,1,0,0.0,1310,3,20,0,0
ORD100602,CUST3896,footwear,cod,353.57,15,3,1,0.333,731,1,21,0,1
ORD100603,CUST1718,beauty,debit_card,279.43,50,1,1,1.0,1411,2,4,0,1
ORD100604,CUST1007,books,cod,55.72,20,2,0,0.0,802,6,18,0,0
ORD100605,CUST3467,home_goods,cod,1061.83,0,2,0,0.0,453,5,18,0,0
ORD100606,CUST3032,electronics,debit_card,1128.77,0,4,0,0.0,160,1,11,1,0
ORD100607,CUST1687,books,UPI,989.75,20,2,1,0.5,1452,5,20,0,1
ORD100608,CUST2375,beauty,UPI,103.93,30,5,0,0.0,544,1,7,0,0
ORD100609,CUST2435,home_goods,UPI,199.49,20,2,0,0.0,1476,0,1,0,1
ORD100610,CUST4000,beauty,credit_card,327.8,10,1,0,0.0,848,3,12,0,0
ORD100611,CUST2537,apparel,netbanking,128.99,10,3,0,0.0,1184,5,21,0,1
ORD100612,CUST2848,apparel,UPI,1129.8,0,4,1,0.25,604,0,10,0,1
ORD100613,CUST1428,apparel,debit_card,850.54,5,3,0,0.0,349,3,5,0,0
ORD100614,CUST3240,apparel,debit_card,1146.16,10,4,1,0.25,1217,4,15,0,0
ORD100615,CUST2766,books,credit_card,1064.53,10,1,0,0.0,1244,3,5,0,0
ORD100616,CUST2356,electronics,credit_card,810.97,0,0,0,0.0,839,5,17,0,0
ORD100617,CUST3989,footwear,debit_card,772.39,30,2,2,1.0,1353,2,9,0,0
ORD100618,CUST1203,beauty,cod,4317.4,40,2,0,0.0,1126,6,15,0,0
ORD100619,CUST2477,apparel,netbanking,386.93,30,1,0,0.0,180,2,21,0,0
ORD100620,CUST2967,electronics,UPI,625.97,10,2,0,0.0,53,1,5,0,0
ORD100621,CUST1335,beauty,UPI,7796.95,15,1,0,0.0,632,6,12,0,0
ORD100622,CUST4665,books,debit_card,516.89,50,0,0,0.0,187,5,17,0,0
ORD100623,CUST2519,beauty,debit_card,949.64,15,4,1,0.25,383,3,1,0,0
ORD100624,CUST2904,home_goods,credit_card,358.73,40,3,0,0.0,551,4,1,0,0
ORD100625,CUST3852,books,UPI,662.43,0,4,0,0.0,176,5,11,0,0
ORD100626,CUST2695,footwear,credit_card,902.13,20,2,1,0.5,1134,0,12,0,1
ORD100627,CUST2714,footwear,netbanking,439.39,15,3,1,0.333,1173,1,15,0,0
ORD100628,CUST2617,books,UPI,2517.41,20,4,0,0.0,1029,4,16,0,0
ORD100629,CUST3775,footwear,credit_card,1599.17,15,3,1,0.333,247,6,14,0,1
ORD100630,CUST1684,electronics,credit_card,666.82,50,1,1,1.0,259,0,13,0,1
ORD100631,CUST3798,beauty,credit_card,710.71,15,4,1,0.25,1285,1,19,0,0
ORD100632,CUST4730,books,UPI,319.35,15,4,0,0.0,179,3,17,0,0
ORD100633,CUST2335,home_goods,cod,1262.2,30,1,1,1.0,939,6,0,0,1
ORD100634,CUST3552,footwear,cod,371.83,20,3,0,0.0,860,0,13,0,1
ORD100635,CUST3320,footwear,cod,908.4,15,4,1,0.25,206,0,18,0,0
ORD100636,CUST4218,home_goods,cod,7418.78,5,1,1,1.0,705,3,8,0,0
ORD100637,CUST2988,footwear,cod,854.16,10,2,0,0.0,969,0,5,0,0
ORD100638,CUST1589,footwear,cod,303.42,15,3,0,0.0,1395,5,12,0,1
ORD100639,CUST4643,home_goods,credit_card,2389.07,0,1,0,0.0,101,5,15,1,1
ORD100640,CUST4674,home_goods,UPI,688.3,10,2,0,0.0,692,6,9,0,0
ORD100641,CUST4452,beauty,UPI,92.09,15,2,1,0.5,467,1,9,1,0
ORD100642,CUST2814,home_goods,debit_card,1193.69,50,3,0,0.0,1493,3,19,0,0
ORD100643,CUST1769,beauty,credit_card,1384.72,20,2,0,0.0,834,5,15,0,0
ORD100644,CUST4552,home_goods,UPI,657.37,5,4,1,0.25,1056,6,5,0,0
ORD100645,CUST3906,footwear,netbanking,251.32,10,1,0,0.0,278,6,16,0,1
ORD100646,CUST1118,electronics,credit_card,240.73,10,6,0,0.0,412,6,1,0,0
ORD100647,CUST2869,apparel,debit_card,358.55,15,7,0,0.0,1444,1,8,0,0
ORD100648,CUST2901,footwear,netbanking,1429.44,50,1,0,0.0,1302,0,21,0,1
ORD100649,CUST2525,beauty,cod,1098.35,0,2,0,0.0,914,1,15,0,0
ORD100650,CUST2432,home_goods,credit_card,854.48,5,1,0,0.0,530,5,22,0,0
ORD100651,CUST1112,beauty,UPI,1514.76,15,4,0,0.0,334,6,18,0,0
ORD100652,CUST1877,electronics,credit_card,452.81,15,0,0,0.0,1388,1,8,0,0
ORD100653,CUST3102,apparel,UPI,597.44,10,4,1,0.25,971,1,20,0,0
ORD100654,CUST4280,apparel,credit_card,395.34,0,1,0,0.0,517,4,9,0,1
ORD100655,CUST3905,books,debit_card,749.7,30,1,1,1.0,868,3,11,0,0
ORD100656,CUST1893,beauty,debit_card,1060.13,20,2,0,0.0,1387,4,19,0,0
ORD100657,CUST1419,apparel,cod,473.47,30,3,0,0.0,1357,6,11,0,0
ORD100658,CUST3432,footwear,debit_card,1208.69,10,4,0,0.0,612,5,3,0,0
ORD100659,CUST2377,home_goods,debit_card,742.4,0,3,0,0.0,568,2,20,0,0
ORD100660,CUST4655,books,debit_card,328.61,0,4,0,0.0,386,1,16,0,0
ORD100661,CUST4685,apparel,cod,1988.04,15,3,0,0.0,828,5,10,0,1
ORD100662,CUST3954,apparel,netbanking,792.29,40,4,1,0.25,606,2,13,0,1
ORD100663,CUST4017,apparel,cod,350.19,0,3,0,0.0,1451,4,6,0,1
ORD100664,CUST3921,electronics,cod,337.93,0,4,0,0.0,1308,6,15,1,0
ORD100665,CUST3751,home_goods,cod,292.75,0,5,0,0.0,615,6,5,0,0
ORD100666,CUST4590,footwear,credit_card,338.5,5,2,0,0.0,602,0,15,0,0
ORD100667,CUST2059,books,cod,1913.33,0,5,1,0.2,375,5,10,0,0
ORD100668,CUST1910,home_goods,credit_card,1142.74,15,1,1,1.0,629,3,10,0,0
ORD100669,CUST3398,home_goods,netbanking,523.08,10,4,1,0.25,242,3,1,0,0
ORD100670,CUST3390,footwear,cod,457.87,5,1,0,0.0,146,3,6,0,0
ORD100671,CUST4553,books,netbanking,137.04,20,4,0,0.0,1086,2,13,0,0
ORD100672,CUST4498,electronics,credit_card,409.91,0,3,0,0.0,411,2,13,1,0
ORD100673,CUST4657,beauty,credit_card,254.73,30,2,0,0.0,648,6,22,0,0
ORD100674,CUST1331,beauty,debit_card,357.56,20,4,1,0.25,1293,1,10,0,0
ORD100675,CUST1019,beauty,debit_card,1073.48,20,3,1,0.333,429,6,5,0,0
ORD100676,CUST1648,beauty,UPI,1226.09,30,2,0,0.0,266,4,13,0,0
ORD100677,CUST2652,beauty,netbanking,1449.65,0,3,0,0.0,786,0,1,0,0
ORD100678,CUST3992,home_goods,UPI,198.73,40,2,1,0.5,660,6,16,0,0
ORD100679,CUST3771,apparel,credit_card,765.2,30,3,1,0.333,464,5,11,0,0
ORD100680,CUST1420,beauty,cod,155.64,0,0,0,0.0,1206,2,5,0,1
ORD100681,CUST1187,home_goods,debit_card,297.55,0,1,1,1.0,934,5,16,0,1
ORD100682,CUST2383,beauty,credit_card,366.57,30,2,0,0.0,702,3,11,0,0
ORD100683,CUST1675,beauty,UPI,819.47,0,3,2,0.667,468,1,23,1,1
ORD100684,CUST1865,books,UPI,760.56,30,2,0,0.0,1208,4,5,0,0
ORD100685,CUST3912,books,UPI,640.98,0,1,0,0.0,769,5,8,0,0
ORD100686,CUST3552,apparel,cod,95.65,20,3,1,0.333,99,5,3,0,0
ORD100687,CUST1080,apparel,UPI,608.38,0,5,2,0.4,854,3,12,0,1
ORD100688,CUST2035,beauty,credit_card,416.08,15,2,0,0.0,421,5,21,0,1
ORD100689,CUST2233,beauty,UPI,1960.22,0,3,0,0.0,1357,4,8,0,0
ORD100690,CUST3870,electronics,netbanking,500.65,10,1,0,0.0,215,4,23,0,0
ORD100691,CUST2157,apparel,UPI,722.19,0,4,0,0.0,1020,1,19,0,1
ORD100692,CUST2077,footwear,credit_card,146.32,5,4,1,0.25,734,5,13,0,1
ORD100693,CUST1161,footwear,netbanking,228.76,0,3,0,0.0,426,5,15,0,0
ORD100694,CUST1011,apparel,UPI,421.47,0,5,2,0.4,227,6,18,0,0
ORD100695,CUST1610,apparel,cod,207.4,0,0,0,0.0,154,5,23,0,0
ORD100696,CUST2048,books,credit_card,1153.26,30,3,0,0.0,936,2,8,0,0
ORD100697,CUST1408,electronics,UPI,477.16,40,3,0,0.0,596,2,21,0,0
ORD100698,CUST4025,apparel,UPI,467.09,10,4,0,0.0,94,0,4,0,0
ORD100699,CUST1698,home_goods,debit_card,645.95,5,6,0,0.0,897,4,8,0,0
ORD100700,CUST1380,home_goods,debit_card,493.39,30,0,0,0.0,375,0,12,0,0
ORD100701,CUST2869,home_goods,netbanking,1091.98,15,6,0,0.0,1413,6,15,0,0
ORD100702,CUST3657,electronics,UPI,2050.39,10,2,0,0.0,272,5,23,0,0
ORD100703,CUST4860,electronics,UPI,2356.7,30,1,0,0.0,853,4,15,0,0
ORD100704,CUST3778,beauty,credit_card,451.74,10,2,1,0.5,1252,3,11,0,0
ORD100705,CUST4533,books,credit_card,2805.68,40,2,0,0.0,990,3,3,0,1
ORD100706,CUST2805,apparel,UPI,384.44,5,1,0,0.0,536,5,10,0,0
ORD100707,CUST4556,books,cod,1215.29,5,3,0,0.0,1181,5,18,0,0
ORD100708,CUST4914,books,debit_card,866.94,30,4,1,0.25,1064,4,22,0,0
ORD100709,CUST1390,beauty,credit_card,248.16,15,4,0,0.0,987,2,21,0,0
ORD100710,CUST2576,electronics,cod,448.74,15,3,0,0.0,1256,0,0,0,0
ORD100711,CUST1642,footwear,netbanking,1546.61,10,3,1,0.333,1016,6,5,0,1
ORD100712,CUST3013,home_goods,credit_card,3342.46,20,2,0,0.0,678,2,1,0,0
ORD100713,CUST3254,books,netbanking,453.83,10,1,0,0.0,826,6,7,0,0
ORD100714,CUST2819,footwear,netbanking,3041.83,15,4,1,0.25,181,6,15,0,0
ORD100715,CUST1486,beauty,UPI,197.11,0,3,0,0.0,211,3,13,0,0
ORD100716,CUST3249,apparel,UPI,922.93,0,3,0,0.0,1238,4,20,0,0
ORD100717,CUST3082,footwear,credit_card,981.36,10,4,2,0.5,1341,5,14,1,0
ORD100718,CUST2488,apparel,credit_card,1320.28,0,4,0,0.0,931,2,17,0,0
ORD100719,CUST3457,beauty,debit_card,621.49,10,3,1,0.333,1467,3,3,0,0
ORD100720,CUST3698,electronics,UPI,881.06,5,4,1,0.25,700,2,20,1,0
ORD100721,CUST2195,footwear,cod,1247.78,10,4,1,0.25,766,5,3,0,0
ORD100722,CUST1672,beauty,credit_card,173.23,0,4,0,0.0,1469,5,23,0,1
ORD100723,CUST2041,footwear,credit_card,378.36,10,4,1,0.25,385,0,12,0,0
ORD100724,CUST4377,electronics,debit_card,4904.62,15,2,1,0.5,221,6,13,0,0
ORD100725,CUST3593,books,cod,590.42,0,3,0,0.0,253,6,14,0,0
ORD100726,CUST3413,footwear,credit_card,1815.5,10,1,0,0.0,1022,0,16,0,0
ORD100727,CUST3266,beauty,cod,1708.56,20,4,0,0.0,990,4,5,0,1
ORD100728,CUST1711,books,credit_card,584.16,10,0,0,0.0,213,3,21,0,0
ORD100729,CUST4615,home_goods,cod,4365.19,30,4,0,0.0,788,3,19,1,0
ORD100730,CUST4122,electronics,debit_card,737.23,30,4,1,0.25,815,2,9,0,0
ORD100731,CUST1546,electronics,netbanking,470.08,5,2,1,0.5,1234,5,23,0,0
ORD100732,CUST4453,books,cod,514.87,5,3,0,0.0,643,5,23,1,0
ORD100733,CUST3591,electronics,credit_card,420.2,20,2,0,0.0,430,4,22,0,0
ORD100734,CUST2414,books,credit_card,676.1,10,4,0,0.0,1455,5,5,0,0
ORD100735,CUST3843,books,debit_card,641.49,5,2,0,0.0,1455,0,11,0,0
ORD100736,CUST3387,footwear,netbanking,439.25,20,0,0,0.0,1381,5,17,0,0
ORD100737,CUST4470,beauty,UPI,416.04,50,0,0,0.0,1071,0,0,0,1
ORD100738,CUST1217,books,UPI,783.73,10,1,0,0.0,410,2,5,1,0
ORD100739,CUST3799,home_goods,credit_card,355.01,15,4,0,0.0,128,5,9,0,0
ORD100740,CUST3216,apparel,debit_card,1312.01,10,5,0,0.0,927,0,19,0,0
ORD100741,CUST4028,footwear,credit_card,843.85,5,0,0,0.0,1326,4,12,0,0
ORD100742,CUST4212,books,debit_card,1000.34,50,5,1,0.2,1420,5,1,1,0
ORD100743,CUST2587,beauty,debit_card,5781.52,0,3,0,0.0,1131,0,0,0,0
ORD100744,CUST1831,footwear,netbanking,694.07,10,2,0,0.0,462,5,22,0,1
ORD100745,CUST2506,footwear,cod,2885.23,5,2,0,0.0,1236,1,23,1,0
ORD100746,CUST2204,beauty,credit_card,162.14,0,3,0,0.0,1399,0,5,1,0
ORD100747,CUST4010,footwear,UPI,144.93,5,3,0,0.0,773,0,13,0,0
ORD100748,CUST2082,electronics,credit_card,182.01,30,3,0,0.0,1197,6,8,0,0
ORD100749,CUST2910,books,credit_card,1085.58,5,3,0,0.0,82,1,10,0,0
ORD100750,CUST4168,books,cod,246.92,10,1,0,0.0,1356,2,15,0,0
ORD100751,CUST3253,home_goods,UPI,393.19,5,2,0,0.0,1450,2,16,0,0
ORD100752,CUST1753,footwear,UPI,1838.77,15,2,0,0.0,1035,1,13,0,0
ORD100753,CUST2652,apparel,debit_card,1138.92,30,4,0,0.0,454,1,21,0,0
ORD100754,CUST2477,home_goods,credit_card,554.37,5,4,1,0.25,1267,4,15,1,1
ORD100755,CUST4373,books,UPI,90.17,10,1,1,1.0,235,5,11,0,0
ORD100756,CUST4704,books,cod,574.22,10,6,0,0.0,1273,1,1,0,0
ORD100757,CUST2314,beauty,UPI,1589.05,0,2,1,0.5,791,2,17,0,1
ORD100758,CUST1101,footwear,debit_card,1113.54,10,5,0,0.0,1054,6,16,0,0
ORD100759,CUST1179,home_goods,credit_card,422.71,0,1,0,0.0,657,4,2,1,0
ORD100760,CUST1685,footwear,cod,2537.04,5,4,0,0.0,16,5,2,0,0
ORD100761,CUST3578,electronics,netbanking,665.73,30,4,0,0.0,213,1,17,0,0
ORD100762,CUST4598,books,netbanking,741.95,0,0,0,0.0,1325,6,2,0,0
ORD100763,CUST1629,apparel,netbanking,816.94,10,4,0,0.0,1469,2,1,0,0
ORD100764,CUST1222,electronics,debit_card,1077.47,15,2,2,1.0,1143,0,18,0,0
ORD100765,CUST4731,home_goods,netbanking,609.75,10,2,0,0.0,795,3,20,0,0
ORD100766,CUST2295,apparel,netbanking,955.78,20,2,0,0.0,1379,0,17,0,0
ORD100767,CUST3950,footwear,UPI,342.24,20,1,0,0.0,1200,0,22,0,1
ORD100768,CUST2465,footwear,UPI,1022.71,0,2,1,0.5,594,6,21,0,0
ORD100769,CUST1354,home_goods,netbanking,850.28,40,2,1,0.5,782,3,21,0,0
ORD100770,CUST1640,footwear,credit_card,313.05,40,2,0,0.0,280,5,12,0,1
ORD100771,CUST4479,footwear,debit_card,634.62,30,3,1,0.333,1299,1,9,0,0
ORD100772,CUST4744,books,debit_card,812.05,10,4,0,0.0,23,4,17,0,0
ORD100773,CUST1171,apparel,cod,138.04,10,1,1,1.0,1222,3,17,0,0
ORD100774,CUST1348,home_goods,credit_card,1326.15,0,1,1,1.0,1487,2,6,0,0
ORD100775,CUST3645,footwear,credit_card,532.13,15,0,0,0.0,330,1,7,0,0
ORD100776,CUST2035,electronics,UPI,226.78,15,6,0,0.0,372,5,18,0,0
ORD100777,CUST4487,footwear,netbanking,691.91,15,1,1,1.0,1321,4,2,0,0
ORD100778,CUST1275,home_goods,UPI,1331.09,0,5,1,0.2,405,5,18,0,0
ORD100779,CUST2355,home_goods,credit_card,228.32,0,0,0,0.0,1375,5,7,0,0
ORD100780,CUST3537,apparel,credit_card,1767.0,0,2,0,0.0,651,3,14,0,1
ORD100781,CUST3700,home_goods,cod,821.72,15,1,1,1.0,313,4,18,0,0
ORD100782,CUST2295,beauty,credit_card,1167.54,10,2,1,0.5,10,2,7,0,0
ORD100783,CUST3917,books,netbanking,415.6,15,2,0,0.0,567,6,11,0,0
ORD100784,CUST4002,home_goods,netbanking,1019.8,5,3,0,0.0,948,3,11,0,0
ORD100785,CUST2994,footwear,UPI,337.99,30,3,0,0.0,360,5,19,0,1
ORD100786,CUST2149,electronics,cod,1698.41,5,1,1,1.0,403,2,23,0,0
ORD100787,CUST1313,books,UPI,350.11,5,0,0,0.0,39,6,16,0,0
ORD100788,CUST4328,footwear,cod,688.88,10,0,0,0.0,830,6,18,0,1
ORD100789,CUST1150,footwear,debit_card,120.15,40,0,0,0.0,1114,4,15,0,0
ORD100790,CUST1608,home_goods,netbanking,497.48,15,1,1,1.0,458,6,18,0,0
ORD100791,CUST2191,electronics,netbanking,374.69,0,3,0,0.0,1027,4,2,0,0
ORD100792,CUST3056,apparel,credit_card,585.91,0,5,0,0.0,1258,5,5,0,0
ORD100793,CUST1574,beauty,credit_card,497.26,30,3,0,0.0,367,4,18,0,0
ORD100794,CUST4963,electronics,netbanking,871.3,0,5,0,0.0,735,0,7,0,0
ORD100795,CUST1949,apparel,debit_card,1905.51,15,2,0,0.0,757,1,1,0,0
ORD100796,CUST3121,home_goods,netbanking,1458.42,5,3,0,0.0,962,3,1,0,0
ORD100797,CUST3656,home_goods,UPI,427.6,5,0,0,0.0,1442,4,20,0,0
ORD100798,CUST4419,books,debit_card,713.79,10,3,0,0.0,1186,4,18,0,0
ORD100799,CUST3677,beauty,debit_card,1461.3,0,3,0,0.0,1204,5,2,0,0
ORD100800,CUST2541,electronics,cod,2074.07,10,4,1,0.25,832,2,11,0,0
ORD100801,CUST2974,footwear,UPI,1291.37,0,3,0,0.0,1028,1,14,0,1
ORD100802,CUST1315,footwear,debit_card,1503.91,0,0,0,0.0,434,1,5,0,0
ORD100803,CUST3465,books,UPI,2734.27,20,1,1,1.0,1354,1,13,0,0
ORD100804,CUST3950,apparel,netbanking,895.27,0,4,0,0.0,1383,3,15,0,0
ORD100805,CUST1660,books,netbanking,157.16,10,3,0,0.0,46,1,1,0,0
ORD100806,CUST3426,electronics,credit_card,2065.5,40,2,0,0.0,1290,4,1,0,0
ORD100807,CUST1601,apparel,credit_card,705.33,15,2,1,0.5,529,1,16,1,0
ORD100808,CUST3454,footwear,UPI,4507.67,0,1,0,0.0,1474,5,21,0,1
ORD100809,CUST4879,apparel,credit_card,252.81,40,4,1,0.25,920,4,15,0,0
ORD100810,CUST1698,electronics,netbanking,1136.49,10,4,0,0.0,1231,1,18,0,0
ORD100811,CUST1744,footwear,cod,331.48,10,3,0,0.0,542,1,23,0,1
ORD100812,CUST4777,beauty,cod,140.07,20,2,1,0.5,1210,0,7,0,0
ORD100813,CUST1541,apparel,UPI,1155.75,20,6,0,0.0,415,4,16,0,0
ORD100814,CUST4385,electronics,cod,1731.57,0,4,0,0.0,198,1,15,1,0
ORD100815,CUST3456,apparel,cod,531.69,30,4,1,0.25,1031,6,3,0,0
ORD100816,CUST3700,electronics,cod,592.93,50,4,0,0.0,1105,6,0,0,0
ORD100817,CUST4173,books,netbanking,225.2,40,2,0,0.0,1070,3,11,0,0
ORD100818,CUST3857,footwear,netbanking,3702.12,10,4,1,0.25,470,6,15,0,0
ORD100819,CUST2561,home_goods,cod,136.53,0,1,1,1.0,1427,4,3,0,1
ORD100820,CUST2042,beauty,credit_card,3565.24,50,2,0,0.0,172,2,19,0,0
ORD100821,CUST2673,home_goods,credit_card,1818.35,50,1,1,1.0,12,5,23,0,0
ORD100822,CUST3367,footwear,UPI,2594.77,20,4,0,0.0,1065,0,12,0,0
ORD100823,CUST3817,home_goods,netbanking,389.7,10,2,1,0.5,742,0,4,0,0
ORD100824,CUST3397,home_goods,debit_card,496.44,20,4,0,0.0,1098,3,18,0,1
ORD100825,CUST2128,books,netbanking,157.12,0,4,0,0.0,418,3,17,0,0
ORD100826,CUST2976,electronics,debit_card,267.84,10,4,1,0.25,1146,4,15,0,0
ORD100827,CUST2256,footwear,debit_card,559.54,10,2,1,0.5,1445,3,23,0,0
ORD100828,CUST4538,books,UPI,996.52,10,3,1,0.333,471,3,22,1,0
ORD100829,CUST1410,electronics,cod,360.38,0,5,0,0.0,821,6,10,0,0
ORD100830,CUST3515,books,UPI,1656.87,5,1,0,0.0,330,3,20,0,0
ORD100831,CUST1373,electronics,netbanking,581.35,15,1,0,0.0,1230,3,2,0,0
ORD100832,CUST1908,home_goods,UPI,512.17,20,0,0,0.0,1248,0,23,0,0
ORD100833,CUST2641,footwear,cod,6561.07,5,3,0,0.0,587,5,19,0,1
ORD100834,CUST4168,electronics,netbanking,1158.14,5,2,0,0.0,900,0,6,0,0
ORD100835,CUST4812,footwear,debit_card,917.65,0,4,1,0.25,399,0,19,0,0
ORD100836,CUST3860,electronics,cod,164.74,15,6,1,0.167,348,5,1,0,0
ORD100837,CUST3682,apparel,credit_card,1835.12,0,2,1,0.5,178,2,12,0,0
ORD100838,CUST2618,beauty,cod,1889.98,15,1,0,0.0,411,4,0,0,0
ORD100839,CUST1281,apparel,cod,2575.7,10,2,0,0.0,583,5,17,1,1
ORD100840,CUST2425,home_goods,debit_card,495.27,15,2,0,0.0,464,4,6,0,0
ORD100841,CUST2654,footwear,UPI,1056.95,15,1,1,1.0,535,1,13,0,1
ORD100842,CUST3288,apparel,cod,435.66,5,3,0,0.0,603,2,3,0,0
ORD100843,CUST4918,home_goods,cod,188.0,30,3,1,0.333,1178,2,22,0,0
ORD100844,CUST2544,footwear,netbanking,610.02,20,6,0,0.0,499,6,10,1,1
ORD100845,CUST2879,books,netbanking,792.12,0,4,0,0.0,1202,6,0,0,0
ORD100846,CUST2056,apparel,netbanking,755.22,0,2,0,0.0,1298,6,7,0,0
ORD100847,CUST1941,home_goods,netbanking,528.31,0,5,0,0.0,724,4,17,0,0
ORD100848,CUST4408,home_goods,credit_card,130.66,20,2,0,0.0,589,0,12,0,0
ORD100849,CUST4363,home_goods,UPI,1009.64,0,5,0,0.0,1136,1,15,0,0
ORD100850,CUST1895,footwear,debit_card,354.34,40,7,1,0.143,375,5,21,1,0
ORD100851,CUST1778,beauty,credit_card,210.4,0,2,0,0.0,481,5,7,0,1
ORD100852,CUST1846,electronics,credit_card,394.01,0,0,0,0.0,512,6,19,0,0
ORD100853,CUST4190,apparel,UPI,801.34,5,1,0,0.0,161,5,21,0,0
ORD100854,CUST1027,footwear,UPI,362.02,0,1,1,1.0,988,2,19,0,0
ORD100855,CUST4678,footwear,debit_card,683.69,10,2,0,0.0,1006,1,16,0,0
ORD100856,CUST1909,footwear,credit_card,1094.82,30,3,1,0.333,111,4,13,0,1
ORD100857,CUST3214,apparel,cod,899.31,5,7,0,0.0,712,3,21,0,0
ORD100858,CUST2872,apparel,cod,373.91,10,3,1,0.333,943,2,22,0,1
ORD100859,CUST3761,electronics,netbanking,1406.48,0,2,1,0.5,1190,0,10,0,0
ORD100860,CUST4530,home_goods,credit_card,244.63,5,2,1,0.5,1124,2,7,0,0
ORD100861,CUST4926,footwear,debit_card,549.91,0,4,2,0.5,750,1,15,0,1
ORD100862,CUST2716,books,debit_card,112.64,0,2,0,0.0,748,6,12,0,0
ORD100863,CUST1736,footwear,credit_card,1568.75,40,0,0,0.0,1180,5,7,0,1
ORD100864,CUST3952,home_goods,credit_card,138.29,0,7,0,0.0,1138,3,12,0,0
ORD100865,CUST4276,books,credit_card,220.21,0,3,0,0.0,969,6,0,0,0
ORD100866,CUST3046,electronics,cod,748.33,20,5,0,0.0,1094,5,10,0,1
ORD100867,CUST2228,home_goods,cod,604.63,5,2,0,0.0,1163,0,12,0,0
ORD100868,CUST1669,apparel,credit_card,783.38,0,1,0,0.0,521,3,20,0,1
ORD100869,CUST4049,home_goods,debit_card,538.27,10,6,0,0.0,740,2,17,0,0
ORD100870,CUST4317,home_goods,debit_card,843.69,10,3,2,0.667,41,3,3,0,0
ORD100871,CUST3783,footwear,credit_card,2545.88,0,5,0,0.0,1182,4,20,0,1
ORD100872,CUST1714,home_goods,debit_card,1739.83,0,3,1,0.333,666,5,16,0,0
ORD100873,CUST4016,beauty,UPI,619.66,5,6,0,0.0,781,4,9,0,0
ORD100874,CUST4918,electronics,credit_card,101.46,10,2,0,0.0,1312,6,10,0,0
ORD100875,CUST3508,footwear,netbanking,947.03,5,2,0,0.0,147,0,5,0,1
ORD100876,CUST2284,home_goods,debit_card,138.15,0,4,0,0.0,1455,2,19,0,0
ORD100877,CUST2111,beauty,debit_card,201.05,0,1,1,1.0,1203,4,14,0,0
ORD100878,CUST1753,apparel,credit_card,905.76,5,2,0,0.0,1491,1,21,0,0
ORD100879,CUST4046,books,UPI,2971.61,5,0,0,0.0,432,1,12,0,0
ORD100880,CUST1261,beauty,cod,715.97,10,4,0,0.0,111,0,12,0,0
ORD100881,CUST1340,apparel,debit_card,677.14,0,4,2,0.5,1266,1,2,0,1
ORD100882,CUST4626,beauty,debit_card,659.04,5,4,0,0.0,470,1,23,0,0
ORD100883,CUST3566,electronics,credit_card,226.38,0,3,1,0.333,1079,6,5,0,0
ORD100884,CUST3717,home_goods,debit_card,768.34,15,2,0,0.0,976,3,17,1,0
ORD100885,CUST3246,beauty,credit_card,245.77,5,3,0,0.0,1429,4,5,0,0
ORD100886,CUST2870,books,cod,483.27,15,4,0,0.0,891,4,20,0,0
ORD100887,CUST2268,home_goods,netbanking,435.91,5,3,1,0.333,1106,1,2,0,0
ORD100888,CUST2498,beauty,debit_card,323.4,30,4,1,0.25,319,2,0,0,0
ORD100889,CUST4339,electronics,debit_card,940.0,10,2,0,0.0,588,3,17,0,0
ORD100890,CUST4776,beauty,netbanking,355.71,10,5,0,0.0,614,0,13,0,0
ORD100891,CUST3445,electronics,UPI,1610.94,5,5,0,0.0,1123,2,6,0,1
ORD100892,CUST3296,beauty,netbanking,495.6,15,2,0,0.0,512,1,22,0,0
ORD100893,CUST2596,beauty,credit_card,717.39,40,0,0,0.0,539,0,13,0,0
ORD100894,CUST3116,footwear,debit_card,1625.13,0,1,1,1.0,584,5,23,0,0
ORD100895,CUST2101,beauty,credit_card,453.16,15,2,0,0.0,141,1,4,0,0
ORD100896,CUST3608,beauty,cod,727.26,30,2,1,0.5,928,2,22,0,0
ORD100897,CUST1769,home_goods,UPI,232.21,40,2,1,0.5,312,0,17,0,0
ORD100898,CUST4982,apparel,debit_card,270.19,0,2,0,0.0,552,1,22,0,1
ORD100899,CUST1033,electronics,UPI,1620.71,15,1,0,0.0,309,0,15,0,0
ORD100900,CUST2721,home_goods,netbanking,662.43,0,1,0,0.0,761,3,22,0,0
ORD100901,CUST2352,apparel,credit_card,585.01,40,7,1,0.143,115,2,12,0,1
ORD100902,CUST2925,electronics,credit_card,4004.35,30,3,1,0.333,513,6,12,0,0
ORD100903,CUST1499,books,credit_card,2434.07,0,2,0,0.0,789,6,14,0,0
ORD100904,CUST1137,electronics,netbanking,1536.11,15,2,0,0.0,193,4,21,1,0
ORD100905,CUST2936,beauty,debit_card,1484.68,40,4,0,0.0,662,1,20,0,0
ORD100906,CUST4050,footwear,cod,144.42,5,5,0,0.0,251,2,15,0,0
ORD100907,CUST1813,home_goods,UPI,3173.17,15,2,0,0.0,1366,1,3,0,0
ORD100908,CUST2778,home_goods,UPI,489.06,10,4,1,0.25,343,6,8,0,0
ORD100909,CUST2621,electronics,UPI,540.24,15,4,0,0.0,87,4,22,0,0
ORD100910,CUST3442,electronics,debit_card,148.45,10,2,2,1.0,184,1,5,0,0
ORD100911,CUST3809,footwear,debit_card,3287.31,5,4,0,0.0,1281,0,1,0,0
ORD100912,CUST1630,books,cod,243.13,30,3,0,0.0,220,1,15,0,0
ORD100913,CUST3287,books,debit_card,1903.14,5,3,2,0.667,899,5,6,0,0
ORD100914,CUST2547,home_goods,credit_card,524.0,0,6,0,0.0,514,0,15,0,0
ORD100915,CUST3289,home_goods,cod,375.33,0,6,0,0.0,1428,3,6,0,0
ORD100916,CUST3226,home_goods,debit_card,456.91,10,5,0,0.0,1500,3,8,0,0
ORD100917,CUST3452,footwear,credit_card,1692.89,5,3,1,0.333,142,4,4,0,0
ORD100918,CUST4356,home_goods,cod,3036.04,10,2,1,0.5,752,3,0,0,0
ORD100919,CUST3072,beauty,credit_card,399.12,20,1,0,0.0,39,4,11,0,1
ORD100920,CUST1978,home_goods,UPI,1192.51,40,3,0,0.0,1349,4,12,0,0
ORD100921,CUST3798,beauty,cod,3534.04,30,6,1,0.167,316,4,9,0,0
ORD100922,CUST3625,home_goods,UPI,832.96,15,3,0,0.0,198,4,21,0,1
ORD100923,CUST4420,electronics,credit_card,2675.07,10,3,0,0.0,65,1,3,0,0
ORD100924,CUST1404,apparel,cod,658.76,0,3,0,0.0,1315,6,12,0,1
ORD100925,CUST3153,footwear,cod,1825.44,5,4,0,0.0,525,0,11,0,0
ORD100926,CUST3940,apparel,UPI,572.22,0,3,0,0.0,428,5,15,1,0
ORD100927,CUST4408,apparel,netbanking,870.46,20,2,2,1.0,1309,0,11,0,1
ORD100928,CUST4843,beauty,debit_card,943.3,0,7,1,0.143,1451,0,19,0,0
ORD100929,CUST1166,books,UPI,1503.39,15,3,0,0.0,623,0,6,1,0
ORD100930,CUST1397,apparel,credit_card,1338.35,30,1,0,0.0,1089,3,6,0,0
ORD100931,CUST3690,electronics,cod,976.79,40,4,0,0.0,1281,1,17,0,1
ORD100932,CUST2700,books,UPI,2563.88,5,0,0,0.0,1308,4,11,0,0
ORD100933,CUST3877,books,netbanking,278.72,15,5,0,0.0,214,1,5,0,0
ORD100934,CUST3067,home_goods,credit_card,733.48,0,3,0,0.0,1094,4,14,1,0
ORD100935,CUST4696,home_goods,cod,597.5,10,3,0,0.0,665,6,11,0,0
ORD100936,CUST3593,beauty,debit_card,463.96,5,4,0,0.0,1247,1,18,0,0
ORD100937,CUST2536,footwear,debit_card,1105.73,20,3,1,0.333,738,3,14,1,0
ORD100938,CUST1000,books,UPI,7005.41,10,6,0,0.0,583,4,0,0,0
ORD100939,CUST4646,home_goods,UPI,674.81,20,1,1,1.0,616,1,6,0,0
ORD100940,CUST1088,books,debit_card,344.56,20,2,1,0.5,1134,4,17,0,0
ORD100941,CUST3341,electronics,UPI,329.93,30,2,2,1.0,78,3,11,0,0
ORD100942,CUST2085,home_goods,cod,1071.4,20,3,2,0.667,512,1,8,0,0
ORD100943,CUST1376,footwear,netbanking,969.12,30,1,1,1.0,1166,1,23,0,1
ORD100944,CUST2329,beauty,credit_card,517.94,30,1,1,1.0,1000,6,22,0,1
ORD100945,CUST4356,apparel,cod,787.81,30,2,0,0.0,1316,2,1,0,0
ORD100946,CUST3360,beauty,UPI,1047.34,15,2,1,0.5,115,6,10,0,0
ORD100947,CUST4347,beauty,netbanking,358.61,30,1,0,0.0,247,6,7,0,0
ORD100948,CUST4479,footwear,UPI,1101.19,30,6,1,0.167,1299,6,20,0,0
ORD100949,CUST2248,footwear,UPI,654.63,10,0,0,0.0,654,4,18,0,0
ORD100950,CUST3057,books,credit_card,332.95,10,2,0,0.0,314,0,21,0,0
ORD100951,CUST2609,beauty,cod,1685.14,0,1,0,0.0,1179,4,2,0,0
ORD100952,CUST2186,beauty,credit_card,2729.66,40,5,1,0.2,271,2,2,0,1
ORD100953,CUST4052,apparel,cod,461.08,20,2,1,0.5,818,2,2,0,0
ORD100954,CUST2779,books,credit_card,344.84,0,2,0,0.0,277,3,17,0,1
ORD100955,CUST2619,books,cod,306.89,5,2,0,0.0,402,4,19,1,0
ORD100956,CUST3147,electronics,credit_card,383.23,30,3,1,0.333,147,2,13,0,0
ORD100957,CUST4785,footwear,UPI,679.43,5,5,2,0.4,231,5,13,0,0
ORD100958,CUST2426,electronics,debit_card,507.63,15,3,0,0.0,706,4,20,0,0
ORD100959,CUST2248,electronics,debit_card,677.23,0,2,0,0.0,1263,6,14,0,0
ORD100960,CUST2804,apparel,credit_card,1038.99,0,5,0,0.0,409,5,11,0,0
ORD100961,CUST3983,apparel,UPI,350.63,10,1,1,1.0,112,1,19,1,0
ORD100962,CUST4558,home_goods,UPI,2769.23,10,4,0,0.0,704,5,3,0,0
ORD100963,CUST2929,apparel,debit_card,1499.29,10,3,0,0.0,429,5,17,0,0
ORD100964,CUST3238,footwear,debit_card,237.84,10,1,0,0.0,1124,3,19,0,0
ORD100965,CUST1578,books,UPI,1083.45,0,5,0,0.0,772,4,21,0,0
ORD100966,CUST2046,electronics,UPI,1714.81,0,3,1,0.333,582,1,22,0,0
ORD100967,CUST1217,beauty,UPI,498.9,0,1,0,0.0,137,3,21,0,0
ORD100968,CUST4490,books,debit_card,1448.02,0,2,0,0.0,221,0,9,0,0
ORD100969,CUST3659,beauty,credit_card,499.33,5,3,0,0.0,780,4,22,0,0
ORD100970,CUST2292,beauty,cod,642.92,5,2,1,0.5,1089,0,5,0,0
ORD100971,CUST4959,beauty,cod,1722.24,30,4,1,0.25,1460,0,1,0,1
ORD100972,CUST3168,home_goods,debit_card,931.74,40,3,0,0.0,1004,3,23,0,0
ORD100973,CUST2420,books,debit_card,188.97,15,1,0,0.0,728,5,9,0,0
ORD100974,CUST3053,home_goods,UPI,398.42,15,3,0,0.0,1282,2,12,0,0
ORD100975,CUST4337,apparel,cod,803.01,5,1,1,1.0,574,1,4,0,0
ORD100976,CUST2609,books,credit_card,232.67,5,1,0,0.0,180,5,12,0,0
ORD100977,CUST3777,footwear,credit_card,1116.36,0,4,0,0.0,855,1,18,0,0
ORD100978,CUST4975,home_goods,cod,1175.64,20,3,0,0.0,675,3,17,0,0
ORD100979,CUST3672,electronics,cod,127.14,10,0,0,0.0,1109,5,6,0,0
ORD100980,CUST2265,books,cod,148.65,5,4,0,0.0,277,3,4,0,0
ORD100981,CUST3313,electronics,debit_card,2243.88,0,5,1,0.2,139,4,17,1,0
ORD100982,CUST1484,electronics,debit_card,662.98,5,3,0,0.0,299,5,0,0,0
ORD100983,CUST4605,beauty,netbanking,200.36,5,3,1,0.333,622,3,23,1,0
ORD100984,CUST4662,books,debit_card,424.69,0,2,1,0.5,312,6,6,0,0
ORD100985,CUST1756,apparel,cod,1518.26,0,0,0,0.0,1264,2,19,0,0
ORD100986,CUST1945,footwear,credit_card,1497.28,5,0,0,0.0,473,5,0,0,0
ORD100987,CUST3818,beauty,credit_card,2346.55,0,3,0,0.0,1029,6,19,0,1
ORD100988,CUST3660,home_goods,credit_card,1055.48,20,3,0,0.0,794,3,15,0,0
ORD100989,CUST1791,electronics,UPI,579.62,10,4,2,0.5,837,6,0,1,0
ORD100990,CUST4892,beauty,credit_card,481.39,5,1,0,0.0,1375,1,6,0,0
ORD100991,CUST4797,beauty,cod,1215.55,15,4,1,0.25,1004,5,10,0,0
ORD100992,CUST4635,electronics,netbanking,1192.56,50,3,2,0.667,830,6,1,0,0
ORD100993,CUST4376,beauty,debit_card,118.31,5,4,1,0.25,808,4,23,0,0
ORD100994,CUST3196,footwear,UPI,1158.71,10,3,0,0.0,1067,0,14,0,1
ORD100995,CUST4595,apparel,credit_card,1282.72,30,4,0,0.0,1063,4,12,1,1
ORD100996,CUST1160,footwear,netbanking,1748.68,10,2,0,0.0,1058,6,20,1,1
ORD100997,CUST1777,home_goods,netbanking,344.19,15,2,0,0.0,816,2,9,0,1
ORD100998,CUST2730,home_goods,cod,1080.81,0,3,0,0.0,112,5,16,1,0
ORD100999,CUST2898,books,netbanking,341.42,15,1,0,0.0,186,5,16,0,0
ORD101000,CUST4189,footwear,cod,123.62,15,2,1,0.5,278,3,13,0,1
ORD101001,CUST1102,electronics,netbanking,418.57,20,2,1,0.5,1209,5,6,0,0
ORD101002,CUST1369,home_goods,debit_card,1405.81,0,0,0,0.0,1417,5,22,0,0
ORD101003,CUST3942,books,UPI,1280.8,5,1,0,0.0,187,0,22,0,0
ORD101004,CUST2486,apparel,cod,1111.6,0,3,0,0.0,1449,3,23,0,0
ORD101005,CUST3095,footwear,credit_card,173.35,30,3,0,0.0,776,4,12,0,1
ORD101006,CUST1699,home_goods,cod,395.23,10,4,0,0.0,1351,6,4,0,0
ORD101007,CUST1592,electronics,UPI,298.72,5,3,1,0.333,860,2,9,0,0
ORD101008,CUST4936,beauty,debit_card,460.77,20,4,0,0.0,1283,1,3,0,0
ORD101009,CUST4933,electronics,UPI,6370.14,20,2,0,0.0,1276,6,8,0,1
ORD101010,CUST3038,beauty,cod,231.35,10,5,2,0.4,12,4,15,0,0
ORD101011,CUST3411,books,netbanking,563.37,5,2,2,1.0,930,3,14,0,0
ORD101012,CUST3458,apparel,credit_card,202.29,0,3,1,0.333,1121,2,19,0,1
ORD101013,CUST4359,electronics,UPI,869.61,40,2,0,0.0,379,1,1,0,0
ORD101014,CUST1150,electronics,UPI,533.94,0,0,0,0.0,1367,4,19,0,0
ORD101015,CUST4769,apparel,UPI,846.07,15,0,0,0.0,224,3,5,0,0
ORD101016,CUST2164,footwear,cod,515.67,15,2,0,0.0,1173,6,17,0,0
ORD101017,CUST2865,books,cod,1082.05,0,0,0,0.0,738,0,2,0,0
ORD101018,CUST2322,home_goods,netbanking,571.49,10,4,0,0.0,139,6,13,0,0
ORD101019,CUST1265,home_goods,netbanking,209.53,0,8,1,0.125,276,0,22,0,0
ORD101020,CUST2348,footwear,netbanking,390.92,50,4,1,0.25,1075,1,22,0,0
ORD101021,CUST1238,apparel,cod,356.34,0,3,0,0.0,1495,5,16,1,0
ORD101022,CUST2981,books,cod,312.53,0,5,0,0.0,1448,2,13,0,0
ORD101023,CUST2296,home_goods,cod,316.35,5,0,0,0.0,1178,4,11,1,0
ORD101024,CUST3516,footwear,netbanking,351.13,20,0,0,0.0,1065,5,20,0,1
ORD101025,CUST4309,electronics,cod,497.71,30,5,1,0.2,477,5,9,1,0
ORD101026,CUST1006,apparel,UPI,1332.42,15,0,0,0.0,953,5,3,0,1
ORD101027,CUST1849,footwear,netbanking,2478.17,20,5,0,0.0,848,0,10,0,0
ORD101028,CUST4301,books,credit_card,491.81,0,5,0,0.0,24,5,6,0,0
ORD101029,CUST2042,apparel,debit_card,557.98,5,3,0,0.0,615,4,17,0,0
ORD101030,CUST1025,apparel,debit_card,477.26,15,4,1,0.25,700,3,23,0,1
ORD101031,CUST4932,apparel,credit_card,633.41,0,2,1,0.5,398,2,10,1,1
ORD101032,CUST2962,beauty,UPI,1425.88,0,2,0,0.0,1323,1,15,0,0
ORD101033,CUST2886,footwear,debit_card,473.92,20,1,1,1.0,948,6,13,1,0
ORD101034,CUST1229,footwear,debit_card,1328.6,20,3,1,0.333,1158,5,21,0,1
ORD101035,CUST3194,apparel,credit_card,2830.59,20,2,0,0.0,1183,5,10,0,1
ORD101036,CUST4637,home_goods,UPI,2072.47,15,4,0,0.0,306,2,0,0,0
ORD101037,CUST2536,books,cod,266.57,50,3,1,0.333,340,4,19,0,0
ORD101038,CUST3437,apparel,debit_card,1128.15,0,3,1,0.333,1445,6,10,0,0
ORD101039,CUST2112,beauty,UPI,645.8,5,3,1,0.333,1018,1,11,0,1
ORD101040,CUST4894,home_goods,credit_card,4266.78,30,3,2,0.667,1076,2,5,0,0
ORD101041,CUST4215,apparel,credit_card,326.66,15,2,0,0.0,190,3,16,0,0
ORD101042,CUST2976,footwear,credit_card,929.79,30,1,1,1.0,390,2,15,0,1
ORD101043,CUST3144,home_goods,debit_card,1343.74,40,4,1,0.25,294,6,3,0,0
ORD101044,CUST4842,footwear,credit_card,156.04,0,3,1,0.333,421,5,1,0,0
ORD101045,CUST3923,footwear,UPI,447.93,0,4,1,0.25,9,2,1,0,0
ORD101046,CUST3434,apparel,debit_card,444.28,5,3,2,0.667,957,0,3,0,0
ORD101047,CUST3699,books,debit_card,686.06,10,2,1,0.5,47,4,9,0,0
ORD101048,CUST1859,home_goods,credit_card,430.64,0,5,0,0.0,395,2,8,0,0
ORD101049,CUST4165,beauty,UPI,1827.36,15,5,0,0.0,559,1,5,0,0
ORD101050,CUST1062,footwear,cod,1038.91,20,4,0,0.0,1053,0,6,0,1
ORD101051,CUST3250,home_goods,debit_card,724.99,15,1,1,1.0,290,5,9,0,0
ORD101052,CUST1701,apparel,debit_card,30.9,0,1,0,0.0,1256,2,17,0,1
ORD101053,CUST1532,apparel,netbanking,455.55,15,4,0,0.0,1384,0,3,0,1
ORD101054,CUST1352,beauty,netbanking,1025.52,0,2,0,0.0,367,5,19,0,0
ORD101055,CUST3578,books,netbanking,1602.91,30,2,1,0.5,1263,2,9,0,0
ORD101056,CUST1811,books,cod,470.54,40,3,0,0.0,161,6,14,0,0
ORD101057,CUST1380,books,netbanking,1062.55,50,4,3,0.75,200,3,9,0,1
ORD101058,CUST3909,beauty,netbanking,578.77,5,1,0,0.0,475,1,4,0,0
ORD101059,CUST3526,home_goods,debit_card,957.24,40,2,0,0.0,803,1,22,1,1
ORD101060,CUST2353,home_goods,netbanking,5341.85,30,3,0,0.0,999,0,2,0,0
ORD101061,CUST2439,beauty,netbanking,112.99,5,3,1,0.333,350,2,11,0,1
ORD101062,CUST1521,footwear,UPI,204.11,0,0,0,0.0,831,6,22,0,0
ORD101063,CUST2334,footwear,UPI,270.67,10,2,0,0.0,619,4,14,0,0
ORD101064,CUST2693,electronics,cod,333.14,20,4,0,0.0,500,4,5,1,0
ORD101065,CUST2572,apparel,debit_card,400.67,15,5,1,0.2,427,6,22,0,0
ORD101066,CUST4212,beauty,cod,2128.29,15,2,1,0.5,701,4,22,0,1
ORD101067,CUST3714,books,UPI,737.13,10,1,0,0.0,1458,4,15,0,0
ORD101068,CUST3441,beauty,debit_card,807.27,20,6,0,0.0,1137,0,14,0,0
ORD101069,CUST4915,beauty,UPI,2824.55,20,2,0,0.0,1226,0,21,0,1
ORD101070,CUST4159,beauty,debit_card,585.19,0,7,0,0.0,1013,5,21,0,0
ORD101071,CUST1891,electronics,cod,507.45,50,3,0,0.0,1303,6,0,0,1
ORD101072,CUST3706,electronics,netbanking,492.19,20,4,0,0.0,1089,2,12,0,0
ORD101073,CUST2831,electronics,credit_card,635.6,0,4,1,0.25,1396,2,9,0,0
ORD101074,CUST4740,books,debit_card,725.16,20,1,0,0.0,891,5,11,1,0
ORD101075,CUST3386,apparel,cod,573.97,5,6,0,0.0,1046,3,4,0,0
ORD101076,CUST1255,home_goods,cod,2450.64,0,4,1,0.25,109,0,22,0,0
ORD101077,CUST2471,apparel,debit_card,633.5,40,1,1,1.0,64,1,13,0,0
ORD101078,CUST2614,books,debit_card,865.56,15,4,0,0.0,1458,3,12,0,0
ORD101079,CUST3232,electronics,credit_card,3624.21,0,0,0,0.0,973,1,6,0,0
ORD101080,CUST4454,home_goods,netbanking,398.81,0,0,0,0.0,316,2,21,0,0
ORD101081,CUST1047,apparel,UPI,564.94,40,3,0,0.0,295,5,15,0,0
ORD101082,CUST4993,electronics,UPI,399.62,20,2,2,1.0,282,5,13,0,0
ORD101083,CUST4660,books,cod,266.22,10,2,0,0.0,872,4,5,0,0
ORD101084,CUST2737,footwear,netbanking,3404.84,0,5,0,0.0,788,2,7,0,0
ORD101085,CUST3476,apparel,cod,275.61,10,4,0,0.0,1021,6,23,0,0
ORD101086,CUST3055,home_goods,netbanking,1466.87,20,2,1,0.5,1119,4,11,0,0
ORD101087,CUST1155,footwear,netbanking,457.99,20,3,2,0.667,1444,2,3,0,0
ORD101088,CUST4939,books,UPI,3072.2,15,3,1,0.333,291,5,23,0,0
ORD101089,CUST4519,home_goods,netbanking,607.57,20,4,0,0.0,1059,0,16,0,0
ORD101090,CUST1362,electronics,netbanking,3029.4,10,1,0,0.0,1292,5,21,1,0
ORD101091,CUST1319,books,cod,1240.6,0,5,0,0.0,1188,2,19,0,0
ORD101092,CUST2407,footwear,UPI,316.75,20,2,0,0.0,961,3,16,1,0
ORD101093,CUST3350,books,debit_card,164.71,20,1,1,1.0,863,2,9,0,1
ORD101094,CUST1144,books,cod,328.47,20,3,1,0.333,623,5,18,0,0
ORD101095,CUST3577,beauty,cod,867.54,0,2,1,0.5,347,4,1,0,0
ORD101096,CUST2195,books,cod,460.95,40,3,0,0.0,56,2,15,0,0
ORD101097,CUST3070,apparel,debit_card,1013.93,15,6,0,0.0,517,1,19,0,1
ORD101098,CUST4513,home_goods,UPI,1397.46,40,1,0,0.0,229,4,5,1,0
ORD101099,CUST4026,electronics,netbanking,390.03,15,3,1,0.333,758,6,5,0,0
ORD101100,CUST3870,electronics,netbanking,332.3,50,0,0,0.0,371,6,16,0,0
ORD101101,CUST2404,apparel,credit_card,764.45,15,3,0,0.0,1220,6,4,0,0
ORD101102,CUST4083,beauty,netbanking,575.48,0,4,0,0.0,488,5,14,0,0
ORD101103,CUST1685,electronics,cod,1841.26,0,1,0,0.0,707,0,20,0,0
ORD101104,CUST4356,apparel,UPI,5264.7,20,4,1,0.25,344,3,12,0,0
ORD101105,CUST2950,books,cod,268.66,30,2,0,0.0,479,3,21,0,0
ORD101106,CUST2943,home_goods,credit_card,1423.53,15,1,1,1.0,1087,6,13,0,0
ORD101107,CUST4797,beauty,netbanking,2604.45,30,4,0,0.0,1390,2,16,0,1
ORD101108,CUST1168,apparel,cod,691.84,15,2,1,0.5,1306,2,13,0,1
ORD101109,CUST3670,home_goods,debit_card,999.68,0,3,1,0.333,554,2,3,0,0
ORD101110,CUST3392,beauty,netbanking,813.83,10,3,0,0.0,1383,5,7,0,0
ORD101111,CUST3411,electronics,cod,466.54,40,5,0,0.0,692,5,22,1,0
ORD101112,CUST2283,footwear,UPI,1257.83,30,2,0,0.0,1378,0,2,0,0
ORD101113,CUST1400,footwear,UPI,905.03,15,7,0,0.0,1404,3,11,0,0
ORD101114,CUST2160,home_goods,credit_card,821.57,5,1,1,1.0,70,0,19,0,0
ORD101115,CUST4844,footwear,credit_card,778.94,15,6,2,0.333,1228,5,3,0,1
ORD101116,CUST1491,apparel,cod,64.19,15,3,0,0.0,267,3,21,0,0
ORD101117,CUST3653,footwear,credit_card,2377.06,20,6,2,0.333,228,5,5,0,0
ORD101118,CUST2912,books,UPI,608.21,10,1,0,0.0,1309,3,8,0,0
ORD101119,CUST3835,books,debit_card,1589.67,40,3,2,0.667,528,1,2,0,0
ORD101120,CUST1255,beauty,netbanking,595.46,10,3,0,0.0,682,0,8,1,0
ORD101121,CUST2084,electronics,netbanking,95.48,5,3,0,0.0,143,3,6,0,0
ORD101122,CUST1730,books,netbanking,364.64,40,5,0,0.0,223,1,17,0,0
ORD101123,CUST1894,footwear,UPI,1657.8,30,5,1,0.2,905,5,8,0,1
ORD101124,CUST1298,apparel,cod,152.68,15,2,0,0.0,1491,2,14,0,0
ORD101125,CUST3038,electronics,UPI,2447.7,10,3,0,0.0,78,5,12,0,0
ORD101126,CUST3867,home_goods,netbanking,505.39,10,4,0,0.0,1177,0,16,0,0
ORD101127,CUST4157,beauty,netbanking,1100.47,15,5,1,0.2,894,3,23,0,0
ORD101128,CUST4216,apparel,cod,699.65,5,4,1,0.25,463,0,12,1,0
ORD101129,CUST4350,beauty,UPI,1408.23,20,2,0,0.0,1162,4,11,0,0
ORD101130,CUST2240,beauty,UPI,775.64,15,5,2,0.4,1295,5,2,0,0
ORD101131,CUST4495,home_goods,UPI,822.32,5,3,1,0.333,942,6,9,0,0
ORD101132,CUST1723,footwear,UPI,450.64,10,4,3,0.75,787,5,6,0,0
ORD101133,CUST2597,apparel,debit_card,296.06,20,1,1,1.0,997,0,20,0,0
ORD101134,CUST1776,electronics,UPI,356.76,10,1,1,1.0,396,0,23,1,0
ORD101135,CUST1976,beauty,netbanking,842.81,5,3,1,0.333,130,6,17,0,0
ORD101136,CUST3046,footwear,netbanking,1550.56,10,3,0,0.0,34,0,10,0,0
ORD101137,CUST4226,books,UPI,592.49,5,6,1,0.167,831,0,6,0,0
ORD101138,CUST3733,footwear,netbanking,522.27,5,5,0,0.0,1389,6,17,0,1
ORD101139,CUST3373,electronics,UPI,384.93,0,2,0,0.0,76,5,4,0,0
ORD101140,CUST1078,beauty,cod,1749.91,20,3,1,0.333,94,1,22,0,1
ORD101141,CUST1058,electronics,UPI,368.63,20,4,0,0.0,630,6,3,0,0
ORD101142,CUST1699,footwear,UPI,900.16,0,2,0,0.0,218,0,15,0,0
ORD101143,CUST3521,electronics,UPI,943.82,0,2,2,1.0,416,3,10,0,0
ORD101144,CUST4022,books,netbanking,973.74,15,2,1,0.5,665,0,21,0,0
ORD101145,CUST1562,home_goods,credit_card,364.84,15,2,0,0.0,94,4,5,0,0
ORD101146,CUST1494,home_goods,credit_card,483.58,30,3,0,0.0,851,1,22,0,0
ORD101147,CUST1675,beauty,credit_card,1134.17,20,1,1,1.0,1192,0,4,0,0
ORD101148,CUST4470,books,cod,2248.35,5,4,2,0.5,771,6,5,0,0
ORD101149,CUST2994,apparel,UPI,1269.95,10,3,0,0.0,15,1,2,0,1
ORD101150,CUST3431,home_goods,netbanking,2394.33,5,1,1,1.0,1421,6,15,0,0
ORD101151,CUST1844,electronics,debit_card,971.14,15,4,0,0.0,1072,3,13,0,0
ORD101152,CUST1714,footwear,UPI,1502.97,10,4,0,0.0,1222,1,22,0,0
ORD101153,CUST4892,apparel,debit_card,370.67,0,3,1,0.333,713,3,0,0,0
ORD101154,CUST1786,apparel,cod,1839.16,5,2,0,0.0,196,4,11,0,0
ORD101155,CUST3210,footwear,credit_card,763.32,10,6,0,0.0,951,6,20,0,0
ORD101156,CUST2132,apparel,credit_card,352.26,30,2,1,0.5,231,6,4,0,0
ORD101157,CUST4967,beauty,netbanking,628.46,50,1,0,0.0,362,1,21,1,1
ORD101158,CUST1221,books,debit_card,497.17,0,3,0,0.0,584,1,13,0,0
ORD101159,CUST3526,beauty,UPI,958.23,0,4,1,0.25,214,5,1,1,0
ORD101160,CUST1720,electronics,UPI,891.24,5,3,0,0.0,994,4,3,0,0
ORD101161,CUST1963,books,netbanking,610.39,40,4,0,0.0,1214,4,10,0,0
ORD101162,CUST4060,books,debit_card,1161.88,15,4,0,0.0,472,6,3,0,0
ORD101163,CUST1401,electronics,netbanking,724.72,30,4,1,0.25,410,3,7,0,0
ORD101164,CUST3396,beauty,UPI,731.69,20,3,1,0.333,893,1,6,1,1
ORD101165,CUST2863,electronics,netbanking,533.4,30,5,1,0.2,765,1,14,0,0
ORD101166,CUST3588,home_goods,debit_card,865.49,40,5,1,0.2,415,2,4,0,0
ORD101167,CUST3329,apparel,debit_card,597.23,30,3,1,0.333,280,0,14,0,0
ORD101168,CUST1701,home_goods,credit_card,312.12,20,2,0,0.0,605,4,5,0,0
ORD101169,CUST3613,footwear,credit_card,924.19,40,3,2,0.667,1184,4,7,0,1
ORD101170,CUST4510,footwear,netbanking,431.31,20,4,2,0.5,444,4,15,0,0
ORD101171,CUST2143,apparel,netbanking,1102.11,5,6,0,0.0,506,1,10,0,0
ORD101172,CUST1910,footwear,credit_card,559.59,0,1,1,1.0,1175,0,13,1,0
ORD101173,CUST1164,beauty,cod,169.46,0,1,0,0.0,69,3,16,0,0
ORD101174,CUST4316,books,UPI,120.16,10,6,1,0.167,927,3,7,0,0
ORD101175,CUST4084,apparel,netbanking,2518.34,5,1,0,0.0,447,1,11,0,0
ORD101176,CUST3652,apparel,UPI,446.66,15,1,1,1.0,983,5,9,0,1
ORD101177,CUST2881,footwear,cod,1233.71,50,6,0,0.0,50,3,14,0,0
ORD101178,CUST4580,books,netbanking,478.58,40,0,0,0.0,379,6,11,0,0
ORD101179,CUST3883,books,UPI,1132.98,0,1,0,0.0,1285,0,12,0,0
ORD101180,CUST2363,footwear,UPI,637.65,0,3,0,0.0,608,3,8,0,1
ORD101181,CUST3508,footwear,cod,595.88,5,3,0,0.0,425,6,21,0,0
ORD101182,CUST4607,home_goods,UPI,523.35,0,6,1,0.167,1055,5,11,0,0
ORD101183,CUST1454,beauty,debit_card,371.76,15,2,1,0.5,954,4,1,0,0
ORD101184,CUST1717,books,cod,142.53,0,2,1,0.5,1444,0,17,0,0
ORD101185,CUST1838,electronics,debit_card,79.57,20,4,0,0.0,489,4,3,0,0
ORD101186,CUST4020,footwear,credit_card,713.15,30,3,3,1.0,462,2,11,0,1
ORD101187,CUST3062,books,netbanking,757.31,0,3,0,0.0,568,0,2,0,0
ORD101188,CUST2853,beauty,cod,362.19,50,1,0,0.0,1079,6,3,0,1
ORD101189,CUST3178,books,cod,258.78,15,7,1,0.143,599,3,19,0,1
ORD101190,CUST3757,books,UPI,601.62,30,2,0,0.0,386,3,2,0,0
ORD101191,CUST4677,electronics,debit_card,225.4,50,3,0,0.0,158,0,5,0,0
ORD101192,CUST3855,electronics,netbanking,464.46,0,3,0,0.0,309,6,6,0,0
ORD101193,CUST3569,apparel,debit_card,355.4,20,4,0,0.0,854,5,17,1,0
ORD101194,CUST2941,home_goods,netbanking,1085.84,40,2,1,0.5,910,5,20,0,0
ORD101195,CUST1774,apparel,UPI,681.88,30,2,2,1.0,476,6,16,0,1
ORD101196,CUST2686,footwear,debit_card,1082.89,30,3,0,0.0,1343,5,10,0,1
ORD101197,CUST3727,books,cod,842.47,0,4,0,0.0,1124,3,14,0,0
ORD101198,CUST1540,home_goods,credit_card,177.38,15,7,0,0.0,533,1,15,0,0
ORD101199,CUST2180,apparel,credit_card,414.91,0,3,0,0.0,724,2,14,1,0
ORD101200,CUST3533,electronics,cod,122.27,5,2,0,0.0,585,1,5,0,0
ORD101201,CUST3837,books,credit_card,2563.99,20,3,1,0.333,331,1,3,0,0
ORD101202,CUST2296,footwear,credit_card,871.54,0,2,1,0.5,903,2,11,0,0
ORD101203,CUST3303,books,UPI,186.84,15,1,0,0.0,1364,2,11,0,0
ORD101204,CUST2836,footwear,credit_card,1017.94,10,1,0,0.0,1093,2,3,1,0
ORD101205,CUST2657,beauty,credit_card,1039.98,40,3,2,0.667,939,2,4,0,0
ORD101206,CUST4024,footwear,cod,1348.02,30,7,0,0.0,679,5,22,0,0
ORD101207,CUST4669,home_goods,cod,1326.37,0,3,1,0.333,1366,1,18,0,1
ORD101208,CUST4777,beauty,debit_card,162.95,0,0,0,0.0,1412,0,23,0,0
ORD101209,CUST1164,electronics,cod,2095.07,5,3,0,0.0,240,2,0,0,1
ORD101210,CUST4444,electronics,netbanking,900.64,5,2,1,0.5,732,0,10,0,1
ORD101211,CUST3626,electronics,cod,1535.13,10,5,1,0.2,1079,1,8,0,0
ORD101212,CUST1342,footwear,netbanking,2094.16,30,2,1,0.5,1387,5,2,1,0
ORD101213,CUST2615,electronics,netbanking,678.41,5,4,1,0.25,651,4,19,0,0
ORD101214,CUST1229,books,debit_card,201.61,30,2,0,0.0,815,1,22,0,1
ORD101215,CUST2514,beauty,debit_card,470.54,5,6,0,0.0,25,2,11,0,0
ORD101216,CUST2825,footwear,UPI,2917.35,40,4,0,0.0,442,5,14,0,0
ORD101217,CUST2702,beauty,debit_card,1455.94,0,1,1,1.0,336,6,23,1,0
ORD101218,CUST2736,books,netbanking,566.49,15,4,0,0.0,286,6,18,0,0
ORD101219,CUST1588,electronics,debit_card,256.94,0,4,2,0.5,973,6,16,1,0
ORD101220,CUST1270,footwear,netbanking,351.23,10,1,1,1.0,182,0,13,0,1
ORD101221,CUST2119,beauty,credit_card,2052.67,20,5,1,0.2,1139,3,22,0,1
ORD101222,CUST4747,electronics,credit_card,471.38,15,2,0,0.0,381,6,12,0,0
ORD101223,CUST3009,apparel,debit_card,1050.46,0,5,1,0.2,1199,2,15,0,0
ORD101224,CUST2898,electronics,UPI,492.36,10,2,0,0.0,6,1,8,0,0
ORD101225,CUST3623,books,netbanking,279.89,5,3,1,0.333,255,5,21,0,0
ORD101226,CUST2708,electronics,netbanking,128.08,5,1,1,1.0,1409,5,7,0,0
ORD101227,CUST4132,home_goods,netbanking,500.72,0,4,1,0.25,137,4,23,0,0
ORD101228,CUST2968,footwear,netbanking,70.7,15,3,0,0.0,529,5,21,0,1
ORD101229,CUST3843,apparel,debit_card,445.08,15,2,1,0.5,1050,5,18,0,0
ORD101230,CUST2063,electronics,cod,769.5,5,5,0,0.0,120,1,10,0,0
ORD101231,CUST3839,electronics,debit_card,392.19,5,1,0,0.0,335,0,8,0,0
ORD101232,CUST3606,home_goods,UPI,625.79,5,1,0,0.0,594,2,16,0,0
ORD101233,CUST1314,footwear,credit_card,595.74,50,4,0,0.0,1287,1,3,0,1
ORD101234,CUST1684,footwear,debit_card,584.44,50,6,0,0.0,648,6,21,0,0
ORD101235,CUST2111,books,debit_card,2124.65,0,2,0,0.0,197,4,18,0,0
ORD101236,CUST1588,apparel,credit_card,298.26,5,6,0,0.0,1062,2,11,0,0
ORD101237,CUST2687,home_goods,credit_card,1221.64,5,1,0,0.0,210,1,4,0,0
ORD101238,CUST4406,electronics,cod,655.56,5,3,0,0.0,1257,5,16,0,1
ORD101239,CUST3918,footwear,UPI,163.39,15,4,1,0.25,855,3,2,0,0
ORD101240,CUST1537,apparel,netbanking,226.8,15,2,0,0.0,714,2,22,0,1
ORD101241,CUST4346,beauty,cod,956.96,0,4,1,0.25,1072,6,10,0,0
ORD101242,CUST2247,apparel,UPI,603.55,0,3,1,0.333,456,1,22,0,0
ORD101243,CUST1928,home_goods,credit_card,475.22,30,2,0,0.0,430,1,2,0,0
ORD101244,CUST4125,apparel,UPI,469.62,5,4,0,0.0,39,6,15,0,1
ORD101245,CUST1174,electronics,UPI,1708.28,0,3,0,0.0,68,6,21,0,0
ORD101246,CUST1242,beauty,UPI,601.04,5,3,1,0.333,519,0,2,0,1
ORD101247,CUST1042,apparel,UPI,1167.48,10,2,1,0.5,1233,1,18,1,1
ORD101248,CUST1756,books,debit_card,1328.7,40,5,0,0.0,60,0,4,0,0
ORD101249,CUST4857,home_goods,cod,776.19,10,2,0,0.0,713,2,5,0,0
ORD101250,CUST4198,books,cod,1284.53,0,2,0,0.0,496,4,18,0,0
ORD101251,CUST4357,footwear,UPI,414.61,50,2,1,0.5,1084,1,22,0,0
ORD101252,CUST2154,electronics,cod,193.83,15,1,1,1.0,9,5,3,1,0
ORD101253,CUST4770,footwear,netbanking,653.32,5,1,1,1.0,751,5,18,0,1
ORD101254,CUST3758,apparel,credit_card,465.63,0,6,1,0.167,727,3,13,0,0
ORD101255,CUST1932,beauty,UPI,577.72,10,1,1,1.0,644,0,14,0,0
ORD101256,CUST1556,beauty,debit_card,357.77,0,4,0,0.0,1444,2,17,0,0
ORD101257,CUST1336,home_goods,netbanking,261.87,5,1,1,1.0,237,3,9,0,0
ORD101258,CUST4015,home_goods,netbanking,342.91,5,1,1,1.0,463,4,13,0,0
ORD101259,CUST4503,beauty,credit_card,2309.72,30,1,0,0.0,143,6,15,1,0
ORD101260,CUST2505,electronics,UPI,729.59,15,5,0,0.0,1381,3,21,0,0
ORD101261,CUST2794,footwear,UPI,258.48,50,2,1,0.5,245,1,12,0,0
ORD101262,CUST3418,apparel,credit_card,690.05,0,0,0,0.0,133,2,6,0,0
ORD101263,CUST3436,beauty,UPI,462.19,5,3,0,0.0,477,6,13,0,0
ORD101264,CUST2140,books,cod,596.37,40,2,0,0.0,1216,2,20,1,0
ORD101265,CUST2458,beauty,cod,1404.9,10,1,1,1.0,829,3,16,0,0
ORD101266,CUST4145,beauty,UPI,1555.35,30,5,1,0.2,251,2,15,0,0
ORD101267,CUST3573,electronics,UPI,291.87,50,2,0,0.0,204,5,1,0,0
ORD101268,CUST3040,books,UPI,690.43,5,4,0,0.0,367,3,19,0,0
ORD101269,CUST1625,home_goods,cod,1124.98,40,5,0,0.0,1277,0,2,0,0
ORD101270,CUST3129,beauty,netbanking,2690.36,15,3,1,0.333,414,2,21,0,0
ORD101271,CUST3067,home_goods,cod,515.54,0,3,0,0.0,704,6,17,0,0
ORD101272,CUST4901,apparel,netbanking,910.05,20,4,0,0.0,244,3,14,0,1
ORD101273,CUST2541,beauty,netbanking,2371.59,10,0,0,0.0,74,0,5,0,0
ORD101274,CUST4524,home_goods,credit_card,320.52,20,7,0,0.0,1007,3,4,0,0
ORD101275,CUST2593,beauty,UPI,1113.62,40,2,0,0.0,1166,5,15,0,0
ORD101276,CUST3807,footwear,cod,1234.65,0,4,1,0.25,963,3,17,0,0
ORD101277,CUST3075,apparel,netbanking,988.92,5,1,0,0.0,540,3,18,1,0
ORD101278,CUST3526,books,debit_card,590.82,20,3,1,0.333,583,2,1,0,0
ORD101279,CUST1184,electronics,debit_card,725.17,40,3,0,0.0,715,6,23,0,0
ORD101280,CUST4134,books,debit_card,1975.95,20,4,0,0.0,780,0,13,0,0
ORD101281,CUST2463,beauty,debit_card,1285.29,0,4,0,0.0,116,5,7,0,0
ORD101282,CUST3654,home_goods,cod,1090.99,0,1,1,1.0,174,5,2,0,0
ORD101283,CUST1468,home_goods,credit_card,342.87,40,7,0,0.0,41,4,10,0,0
ORD101284,CUST3694,beauty,cod,432.03,10,5,0,0.0,1055,3,8,0,0
ORD101285,CUST2923,footwear,UPI,533.22,0,2,0,0.0,649,3,18,0,0
ORD101286,CUST3345,apparel,netbanking,1465.99,5,3,1,0.333,205,5,21,0,0
ORD101287,CUST3034,footwear,debit_card,827.93,15,4,0,0.0,342,4,9,0,0
ORD101288,CUST2785,electronics,netbanking,93.08,0,5,0,0.0,1302,6,2,0,0
ORD101289,CUST3194,electronics,debit_card,648.78,5,2,1,0.5,544,0,9,1,1
ORD101290,CUST2646,electronics,cod,625.47,15,2,1,0.5,189,5,18,0,1
ORD101291,CUST2379,home_goods,UPI,434.43,5,3,0,0.0,1161,6,16,0,0
ORD101292,CUST1859,home_goods,UPI,970.93,0,2,1,0.5,1335,6,9,0,0
ORD101293,CUST2228,beauty,cod,632.86,0,2,0,0.0,642,1,13,0,0
ORD101294,CUST3559,footwear,netbanking,1097.48,10,2,0,0.0,1376,6,17,0,0
ORD101295,CUST1076,books,cod,581.98,5,3,0,0.0,383,4,15,0,0
ORD101296,CUST4940,books,netbanking,707.45,5,3,0,0.0,549,5,17,0,0
ORD101297,CUST4492,beauty,cod,678.64,10,3,0,0.0,1489,5,1,0,0
ORD101298,CUST2492,beauty,credit_card,1109.9,5,2,1,0.5,493,1,23,0,0
ORD101299,CUST2229,beauty,netbanking,1121.5,30,2,0,0.0,653,6,2,0,0
ORD101300,CUST4465,beauty,debit_card,806.94,20,4,0,0.0,588,5,5,0,0
ORD101301,CUST3462,electronics,netbanking,2129.83,30,5,1,0.2,489,0,4,0,0
ORD101302,CUST2005,home_goods,netbanking,420.69,10,4,0,0.0,995,4,13,0,0
ORD101303,CUST4709,apparel,credit_card,4102.67,30,4,1,0.25,327,2,4,0,0
ORD101304,CUST4234,home_goods,cod,434.3,5,1,1,1.0,361,5,1,1,0
ORD101305,CUST2990,apparel,UPI,201.91,30,1,1,1.0,172,2,19,0,0
ORD101306,CUST1260,beauty,debit_card,2562.05,50,3,0,0.0,1376,5,2,0,1
ORD101307,CUST4439,books,credit_card,474.93,20,5,2,0.4,484,0,18,0,0
ORD101308,CUST4821,apparel,cod,1014.78,0,1,1,1.0,1361,6,18,1,1
ORD101309,CUST4815,footwear,debit_card,469.39,40,1,0,0.0,1017,0,7,0,0
ORD101310,CUST4166,home_goods,debit_card,755.66,30,1,1,1.0,1197,5,12,0,1
ORD101311,CUST4047,electronics,netbanking,821.54,15,5,0,0.0,447,1,3,0,0
ORD101312,CUST4972,home_goods,netbanking,1531.12,40,2,0,0.0,837,2,18,0,0
ORD101313,CUST3185,home_goods,UPI,415.98,5,2,0,0.0,649,4,13,0,0
ORD101314,CUST2009,home_goods,credit_card,101.03,15,7,0,0.0,744,3,22,0,1
ORD101315,CUST2262,apparel,cod,1249.11,10,2,0,0.0,72,6,23,0,0
ORD101316,CUST4853,apparel,credit_card,1332.2,5,3,1,0.333,519,4,12,0,1
ORD101317,CUST4925,books,debit_card,316.86,30,4,1,0.25,1404,0,17,0,1
ORD101318,CUST4512,beauty,netbanking,357.87,10,2,0,0.0,17,3,8,0,1
ORD101319,CUST4835,electronics,debit_card,344.69,0,2,2,1.0,431,6,5,1,0
ORD101320,CUST3586,home_goods,netbanking,463.78,0,2,1,0.5,70,2,2,0,0
ORD101321,CUST4852,beauty,netbanking,442.27,10,1,0,0.0,846,6,10,0,0
ORD101322,CUST4591,apparel,credit_card,992.13,40,2,0,0.0,1431,2,16,0,0
ORD101323,CUST2723,footwear,cod,809.35,20,2,1,0.5,670,3,22,0,0
ORD101324,CUST1213,books,credit_card,351.71,0,3,1,0.333,1291,3,20,0,0
ORD101325,CUST2641,electronics,debit_card,245.96,0,1,1,1.0,643,4,2,0,0
ORD101326,CUST2022,footwear,credit_card,1558.89,0,1,0,0.0,1217,5,13,0,0
ORD101327,CUST2308,beauty,netbanking,2833.43,10,3,1,0.333,274,2,5,0,0
ORD101328,CUST4386,home_goods,debit_card,535.19,0,0,0,0.0,407,0,13,0,0
ORD101329,CUST2611,beauty,cod,1734.88,0,5,0,0.0,460,0,0,1,0
ORD101330,CUST3650,footwear,credit_card,118.03,0,0,0,0.0,183,3,6,0,0
ORD101331,CUST4489,electronics,UPI,675.05,40,4,0,0.0,822,4,13,0,0
ORD101332,CUST1611,apparel,debit_card,142.31,15,6,0,0.0,349,4,3,0,0
ORD101333,CUST3153,beauty,netbanking,415.05,5,0,0,0.0,1380,3,3,0,0
ORD101334,CUST1832,electronics,debit_card,1546.75,15,2,0,0.0,590,5,15,0,0
ORD101335,CUST2766,electronics,cod,140.51,5,2,0,0.0,442,6,9,0,0
ORD101336,CUST1775,beauty,credit_card,1064.13,5,4,3,0.75,837,6,4,0,0
ORD101337,CUST4998,home_goods,credit_card,889.27,20,4,1,0.25,1266,3,7,0,0
ORD101338,CUST3802,books,netbanking,867.86,40,3,0,0.0,176,0,15,0,0
ORD101339,CUST2324,books,netbanking,278.57,50,2,0,0.0,1407,1,22,0,0
ORD101340,CUST2733,books,cod,1804.15,15,5,0,0.0,525,0,3,0,0
ORD101341,CUST1213,home_goods,credit_card,665.96,0,3,1,0.333,965,2,19,1,0
ORD101342,CUST4961,footwear,UPI,3255.72,0,2,1,0.5,11,2,16,0,0
ORD101343,CUST2239,beauty,debit_card,1643.23,10,4,1,0.25,271,4,1,0,0
ORD101344,CUST2066,electronics,cod,1139.01,10,2,0,0.0,1010,2,14,0,1
ORD101345,CUST2299,books,cod,1080.22,15,0,0,0.0,887,1,8,0,1
ORD101346,CUST1180,electronics,netbanking,487.85,5,3,1,0.333,576,5,11,1,0
ORD101347,CUST2158,home_goods,cod,612.7,30,1,1,1.0,541,4,10,0,0
ORD101348,CUST1675,home_goods,netbanking,1865.54,0,3,0,0.0,310,4,21,0,0
ORD101349,CUST2802,apparel,credit_card,965.14,0,1,0,0.0,305,0,7,0,1
ORD101350,CUST2926,home_goods,credit_card,278.41,0,0,0,0.0,1446,3,13,0,0
ORD101351,CUST4666,beauty,UPI,339.11,15,3,0,0.0,905,2,22,0,0
ORD101352,CUST2874,beauty,UPI,348.83,40,8,1,0.125,1475,6,4,0,0
ORD101353,CUST1383,electronics,debit_card,769.95,5,5,2,0.4,370,6,5,0,0
ORD101354,CUST4369,home_goods,cod,541.78,15,5,0,0.0,1359,4,6,0,0
ORD101355,CUST4979,apparel,cod,1881.64,15,4,0,0.0,1169,1,13,1,0
ORD101356,CUST2008,beauty,UPI,352.66,10,0,0,0.0,674,0,9,0,0
ORD101357,CUST3787,apparel,netbanking,1564.66,15,0,0,0.0,766,4,3,0,1
ORD101358,CUST1629,apparel,UPI,673.48,15,3,0,0.0,943,6,22,0,0
ORD101359,CUST2859,books,debit_card,336.82,40,1,1,1.0,1217,5,0,0,0
ORD101360,CUST1179,books,cod,2045.61,5,5,0,0.0,928,2,23,1,0
ORD101361,CUST4714,footwear,credit_card,601.19,5,2,1,0.5,433,6,1,0,1
ORD101362,CUST2158,home_goods,UPI,435.37,10,2,0,0.0,145,4,19,0,0
ORD101363,CUST2633,home_goods,credit_card,179.36,5,5,1,0.2,492,6,12,0,0
ORD101364,CUST4491,electronics,credit_card,2002.96,30,1,0,0.0,796,6,12,0,0
ORD101365,CUST4082,books,credit_card,1101.51,5,2,0,0.0,247,2,15,0,0
ORD101366,CUST4014,home_goods,cod,1706.44,15,2,0,0.0,269,2,21,0,1
ORD101367,CUST2505,footwear,credit_card,627.27,0,5,2,0.4,1003,3,12,0,0
ORD101368,CUST3306,footwear,netbanking,1108.95,5,0,0,0.0,185,6,13,0,0
ORD101369,CUST3514,electronics,netbanking,359.89,10,5,0,0.0,1292,3,2,0,0
ORD101370,CUST2399,beauty,credit_card,439.44,10,1,0,0.0,1327,5,22,0,0
ORD101371,CUST3028,footwear,cod,281.24,10,3,0,0.0,172,2,14,0,1
ORD101372,CUST4715,beauty,debit_card,575.14,0,0,0,0.0,305,1,21,1,0
ORD101373,CUST4446,electronics,cod,862.98,10,2,2,1.0,876,2,18,0,0
ORD101374,CUST1313,apparel,cod,921.94,15,6,1,0.167,221,4,13,0,0
ORD101375,CUST2903,books,cod,2199.91,15,3,0,0.0,519,2,8,0,0
ORD101376,CUST4148,footwear,UPI,908.65,5,2,1,0.5,234,5,21,0,0
ORD101377,CUST4220,electronics,netbanking,524.09,30,4,0,0.0,93,0,13,0,0
ORD101378,CUST2219,home_goods,cod,128.92,30,5,1,0.2,1483,3,21,0,0
ORD101379,CUST4308,home_goods,debit_card,640.57,0,3,1,0.333,384,1,5,0,0
ORD101380,CUST3474,home_goods,UPI,1479.86,10,2,0,0.0,889,4,0,0,1
ORD101381,CUST1477,apparel,credit_card,486.69,0,2,0,0.0,1344,3,14,0,0
ORD101382,CUST4558,books,cod,389.24,0,3,3,1.0,1487,3,9,0,0
ORD101383,CUST4989,footwear,debit_card,238.96,40,5,1,0.2,1415,5,22,0,0
ORD101384,CUST4295,home_goods,UPI,1837.33,0,4,0,0.0,257,1,0,0,0
ORD101385,CUST4342,apparel,credit_card,346.91,0,3,0,0.0,55,1,15,0,0
ORD101386,CUST3661,electronics,netbanking,384.46,50,2,0,0.0,1283,6,17,0,0
ORD101387,CUST2232,beauty,credit_card,839.53,30,9,0,0.0,971,3,0,0,0
ORD101388,CUST4696,electronics,netbanking,336.76,20,2,0,0.0,994,3,0,0,0
ORD101389,CUST3397,electronics,credit_card,1905.8,30,6,1,0.167,604,4,12,0,0
ORD101390,CUST1032,apparel,netbanking,535.03,5,1,1,1.0,852,6,15,0,0
ORD101391,CUST3440,books,cod,866.58,5,3,0,0.0,596,0,15,0,0
ORD101392,CUST3102,footwear,cod,626.61,15,2,0,0.0,1390,6,15,0,0
ORD101393,CUST1248,footwear,UPI,293.26,15,7,0,0.0,865,4,10,0,0
ORD101394,CUST2097,books,netbanking,541.44,0,3,0,0.0,970,0,15,0,0
ORD101395,CUST3646,home_goods,netbanking,1152.24,0,4,0,0.0,1429,3,0,0,0
ORD101396,CUST3974,electronics,netbanking,1386.06,20,4,1,0.25,705,3,7,0,0
ORD101397,CUST3407,books,debit_card,680.17,5,5,0,0.0,1234,6,22,0,0
ORD101398,CUST1537,home_goods,netbanking,1105.66,20,6,1,0.167,854,6,21,0,0
ORD101399,CUST2475,beauty,credit_card,951.21,30,3,1,0.333,1274,1,9,0,1
ORD101400,CUST1353,books,netbanking,805.03,30,6,0,0.0,265,1,6,0,0
ORD101401,CUST3015,apparel,netbanking,769.77,0,0,0,0.0,1012,2,7,0,1
ORD101402,CUST1192,apparel,debit_card,163.79,30,2,0,0.0,535,2,21,0,1
ORD101403,CUST4391,footwear,UPI,481.64,30,1,0,0.0,131,2,13,0,0
ORD101404,CUST1928,apparel,cod,784.73,0,9,0,0.0,459,3,8,1,0
ORD101405,CUST4214,home_goods,UPI,234.03,15,1,1,1.0,1141,2,4,0,1
ORD101406,CUST4578,footwear,cod,209.74,10,5,0,0.0,1372,0,22,0,0
ORD101407,CUST4875,beauty,netbanking,329.48,40,1,0,0.0,228,0,19,0,0
ORD101408,CUST4515,apparel,cod,242.71,5,6,0,0.0,86,4,3,0,0
ORD101409,CUST1483,electronics,debit_card,2158.25,40,6,1,0.167,322,5,9,0,0
ORD101410,CUST4121,footwear,netbanking,420.93,5,2,1,0.5,204,1,20,0,0
ORD101411,CUST4355,electronics,UPI,576.69,30,4,0,0.0,414,3,13,0,0
ORD101412,CUST1026,electronics,netbanking,899.45,0,2,0,0.0,700,2,16,0,0
ORD101413,CUST2089,home_goods,netbanking,2312.1,15,4,3,0.75,739,5,21,0,0
ORD101414,CUST4085,footwear,netbanking,985.16,50,3,0,0.0,468,1,13,0,0
ORD101415,CUST2676,beauty,cod,1766.23,0,2,2,1.0,1398,2,0,0,0
ORD101416,CUST4154,apparel,cod,2449.58,5,0,0,0.0,143,0,10,0,1
ORD101417,CUST4163,electronics,netbanking,224.94,50,8,0,0.0,126,3,1,0,0
ORD101418,CUST3627,electronics,cod,1028.98,0,3,0,0.0,119,5,22,0,0
ORD101419,CUST4587,footwear,debit_card,308.75,5,2,1,0.5,859,3,21,0,0
ORD101420,CUST4578,home_goods,debit_card,1998.28,20,3,0,0.0,705,0,8,1,0
ORD101421,CUST3500,electronics,netbanking,249.89,20,2,1,0.5,914,5,6,0,0
ORD101422,CUST3557,footwear,netbanking,869.56,10,4,0,0.0,1429,2,20,0,0
ORD101423,CUST1808,home_goods,UPI,547.75,0,5,0,0.0,76,4,10,0,0
ORD101424,CUST3944,books,credit_card,498.01,10,3,0,0.0,1066,4,9,0,0
ORD101425,CUST3095,footwear,debit_card,495.61,15,1,0,0.0,1068,2,20,0,0
ORD101426,CUST1114,footwear,cod,504.27,15,4,0,0.0,530,1,9,0,0
ORD101427,CUST3069,apparel,UPI,1983.16,0,1,1,1.0,764,2,20,0,0
ORD101428,CUST1507,apparel,UPI,1475.01,20,6,0,0.0,920,2,18,0,1
ORD101429,CUST2856,home_goods,credit_card,1111.54,5,1,0,0.0,1192,4,22,0,0
ORD101430,CUST3571,books,cod,3045.72,50,4,0,0.0,1220,1,11,0,0
ORD101431,CUST3731,books,cod,312.42,30,5,3,0.6,1378,1,22,0,0
ORD101432,CUST4020,electronics,UPI,463.35,50,2,2,1.0,672,4,18,0,1
ORD101433,CUST4188,home_goods,netbanking,1789.87,10,4,1,0.25,201,1,22,0,0
ORD101434,CUST2687,apparel,UPI,250.35,5,1,0,0.0,128,3,4,0,0
ORD101435,CUST2827,apparel,debit_card,856.64,30,5,2,0.4,1387,4,12,0,1
ORD101436,CUST3125,beauty,debit_card,1175.99,0,3,0,0.0,1197,3,20,0,0
ORD101437,CUST2802,books,netbanking,3671.14,0,1,0,0.0,1499,3,5,0,0
ORD101438,CUST1520,beauty,netbanking,2475.34,10,3,1,0.333,265,5,16,0,0
ORD101439,CUST1483,books,credit_card,693.97,15,4,0,0.0,933,3,1,0,0
ORD101440,CUST4866,footwear,debit_card,354.05,50,4,0,0.0,244,4,13,0,0
ORD101441,CUST2513,footwear,debit_card,237.92,5,2,0,0.0,83,4,4,0,0
ORD101442,CUST2248,home_goods,debit_card,846.1,5,6,0,0.0,603,3,0,0,1
ORD101443,CUST1582,footwear,netbanking,926.57,20,7,1,0.143,100,2,9,0,0
ORD101444,CUST4355,books,netbanking,823.53,30,4,1,0.25,5,0,17,0,0
ORD101445,CUST4565,apparel,netbanking,9919.07,40,0,0,0.0,986,4,9,0,0
ORD101446,CUST4687,home_goods,netbanking,382.97,20,1,0,0.0,974,6,23,0,0
ORD101447,CUST1543,electronics,cod,534.58,15,4,1,0.25,1304,3,14,0,1
ORD101448,CUST1610,books,debit_card,3277.91,0,3,0,0.0,183,6,19,0,0
ORD101449,CUST2677,beauty,credit_card,554.83,20,3,0,0.0,810,2,17,0,0
ORD101450,CUST3746,beauty,debit_card,457.36,10,5,0,0.0,1323,0,5,0,1
ORD101451,CUST3342,books,debit_card,211.92,0,4,0,0.0,1150,5,3,0,0
ORD101452,CUST1348,electronics,cod,1079.34,15,3,1,0.333,1110,4,1,1,0
ORD101453,CUST3137,electronics,netbanking,341.22,0,1,0,0.0,1030,0,3,0,0
ORD101454,CUST3178,electronics,UPI,449.61,30,3,0,0.0,564,6,6,0,0
ORD101455,CUST3890,footwear,netbanking,359.07,20,4,0,0.0,174,6,17,0,0
ORD101456,CUST2645,footwear,UPI,647.0,30,5,0,0.0,1007,6,0,0,0
ORD101457,CUST1739,beauty,UPI,654.64,10,6,0,0.0,1082,2,12,0,0
ORD101458,CUST1469,apparel,cod,1574.98,10,2,0,0.0,345,2,4,0,1
ORD101459,CUST4146,apparel,credit_card,872.95,0,4,0,0.0,629,3,21,0,0
ORD101460,CUST3516,home_goods,credit_card,893.76,15,3,2,0.667,56,5,1,0,0
ORD101461,CUST1404,home_goods,credit_card,9229.95,15,0,0,0.0,846,2,8,0,0
ORD101462,CUST4390,apparel,UPI,571.82,0,5,0,0.0,415,1,19,0,1
ORD101463,CUST3019,footwear,cod,239.13,50,2,0,0.0,789,0,8,0,0
ORD101464,CUST2903,footwear,netbanking,98.87,20,3,0,0.0,135,3,0,0,0
ORD101465,CUST1957,apparel,debit_card,357.44,30,5,0,0.0,1135,4,21,0,0
ORD101466,CUST4125,footwear,credit_card,1035.77,20,6,0,0.0,624,4,13,0,1
ORD101467,CUST4466,books,cod,389.68,20,5,0,0.0,417,6,4,0,0
ORD101468,CUST1688,electronics,cod,1358.18,0,5,0,0.0,868,4,14,0,0
ORD101469,CUST4328,beauty,cod,1446.75,10,7,0,0.0,593,5,5,0,0
ORD101470,CUST4823,beauty,debit_card,117.25,15,4,3,0.75,1225,2,21,0,0
ORD101471,CUST2439,books,credit_card,731.18,0,5,1,0.2,1199,6,16,0,0
ORD101472,CUST1661,books,cod,1049.32,10,2,1,0.5,1154,0,9,0,0
ORD101473,CUST3860,apparel,credit_card,456.2,20,4,1,0.25,1485,4,8,0,0
ORD101474,CUST1863,footwear,cod,520.06,0,2,0,0.0,652,5,10,0,0
ORD101475,CUST4083,books,netbanking,671.87,10,2,0,0.0,560,1,21,1,0
ORD101476,CUST2399,electronics,netbanking,150.69,10,3,0,0.0,1228,2,0,1,0
ORD101477,CUST1547,books,UPI,538.7,5,7,0,0.0,1247,3,0,1,0
ORD101478,CUST3755,electronics,netbanking,495.87,0,7,0,0.0,1139,5,22,0,0
ORD101479,CUST2608,footwear,UPI,311.3,50,1,0,0.0,1330,5,2,0,0
ORD101480,CUST4655,books,netbanking,2197.65,10,2,0,0.0,1377,0,11,1,0
ORD101481,CUST2541,footwear,debit_card,639.33,40,3,0,0.0,793,1,22,1,1
ORD101482,CUST1511,beauty,debit_card,622.36,10,3,0,0.0,396,3,0,0,1
ORD101483,CUST1081,home_goods,debit_card,785.51,10,3,1,0.333,393,0,19,0,0
ORD101484,CUST4311,books,credit_card,2148.81,0,2,0,0.0,480,3,11,0,0
ORD101485,CUST3018,books,cod,721.36,5,5,0,0.0,429,0,6,1,0
ORD101486,CUST3615,beauty,UPI,149.28,5,0,0,0.0,569,4,16,0,0
ORD101487,CUST3260,electronics,cod,370.57,0,5,1,0.2,1377,5,19,0,0
ORD101488,CUST1267,footwear,credit_card,139.18,20,2,0,0.0,134,1,8,1,0
ORD101489,CUST4504,electronics,cod,1947.24,20,6,0,0.0,1493,6,8,0,0
ORD101490,CUST3777,apparel,cod,671.93,15,4,1,0.25,1259,2,21,0,0
ORD101491,CUST2859,apparel,netbanking,337.94,0,2,0,0.0,1313,5,20,0,1
ORD101492,CUST4845,home_goods,netbanking,1015.81,0,2,1,0.5,834,2,3,0,0
ORD101493,CUST2911,beauty,debit_card,94.21,30,1,1,1.0,1060,6,1,0,0
ORD101494,CUST1919,apparel,debit_card,249.53,0,2,0,0.0,861,4,14,0,0
ORD101495,CUST2605,electronics,debit_card,1337.36,10,1,0,0.0,168,4,0,1,0
ORD101496,CUST1924,books,netbanking,2526.99,15,1,1,1.0,153,1,6,0,0
ORD101497,CUST2273,apparel,UPI,2624.28,40,5,0,0.0,58,3,13,0,0
ORD101498,CUST3427,books,debit_card,669.06,15,1,1,1.0,513,1,3,0,0
ORD101499,CUST4927,home_goods,UPI,211.69,0,1,1,1.0,684,4,7,1,0
ORD101500,CUST4177,footwear,cod,153.12,15,2,0,0.0,899,6,3,0,0
ORD101501,CUST3371,apparel,UPI,192.32,10,3,1,0.333,125,0,12,0,0
ORD101502,CUST4472,books,UPI,2652.98,50,2,0,0.0,262,0,14,0,0
ORD101503,CUST3501,books,netbanking,213.23,15,4,1,0.25,135,0,21,0,0
ORD101504,CUST1213,home_goods,netbanking,1177.83,30,4,1,0.25,823,0,19,0,0
ORD101505,CUST1954,footwear,cod,271.89,10,2,0,0.0,22,3,12,0,0
ORD101506,CUST2753,footwear,cod,940.63,10,1,0,0.0,208,2,20,1,1
ORD101507,CUST4206,apparel,netbanking,1603.44,30,3,0,0.0,1060,2,18,0,1
ORD101508,CUST1420,apparel,cod,704.25,0,4,2,0.5,1461,0,18,0,1
ORD101509,CUST1793,footwear,credit_card,1782.48,5,4,0,0.0,1306,4,8,0,0
ORD101510,CUST2971,books,cod,1095.09,0,5,1,0.2,911,1,7,0,0
ORD101511,CUST1180,apparel,credit_card,922.22,0,1,0,0.0,639,4,13,0,0
ORD101512,CUST3669,home_goods,debit_card,497.83,15,0,0,0.0,1196,4,4,0,1
ORD101513,CUST2264,footwear,debit_card,510.2,40,1,0,0.0,597,2,0,0,0
ORD101514,CUST3693,books,credit_card,2423.29,10,1,0,0.0,118,1,16,0,0
ORD101515,CUST3291,apparel,netbanking,510.3,15,2,0,0.0,705,1,6,0,0
ORD101516,CUST1824,apparel,debit_card,547.78,5,2,0,0.0,388,5,15,0,0
ORD101517,CUST2914,footwear,debit_card,814.8,30,2,0,0.0,1185,4,10,0,0
ORD101518,CUST2714,home_goods,credit_card,1235.34,40,0,0,0.0,215,3,1,0,1
ORD101519,CUST4768,apparel,credit_card,1178.08,0,2,0,0.0,1420,1,14,0,0
ORD101520,CUST1979,beauty,debit_card,407.91,15,3,2,0.667,770,1,12,0,0
ORD101521,CUST1027,home_goods,UPI,312.75,30,9,1,0.111,152,2,0,0,1
ORD101522,CUST1583,home_goods,netbanking,675.94,15,2,0,0.0,399,5,18,1,0
ORD101523,CUST2474,apparel,UPI,87.28,10,1,0,0.0,408,1,9,0,0
ORD101524,CUST4626,home_goods,credit_card,2014.04,0,2,2,1.0,696,6,17,0,0
ORD101525,CUST1802,apparel,credit_card,343.75,0,3,1,0.333,537,0,0,0,0
ORD101526,CUST1562,beauty,UPI,820.66,50,1,0,0.0,694,1,9,0,0
ORD101527,CUST2514,home_goods,credit_card,1680.48,40,3,0,0.0,1080,6,19,0,0
ORD101528,CUST4597,books,UPI,88.34,20,2,1,0.5,243,1,4,0,0
ORD101529,CUST1785,footwear,netbanking,687.77,10,2,0,0.0,1423,2,10,0,1
ORD101530,CUST3605,electronics,UPI,1515.53,30,3,0,0.0,1262,4,6,0,0
ORD101531,CUST2204,electronics,debit_card,1702.5,10,0,0,0.0,507,0,20,0,0
ORD101532,CUST4575,electronics,cod,1003.68,5,2,0,0.0,1197,3,6,0,0
ORD101533,CUST4213,beauty,cod,1164.51,40,4,1,0.25,133,1,16,0,0
ORD101534,CUST4614,books,cod,216.4,0,2,0,0.0,767,3,16,0,0
ORD101535,CUST2318,books,debit_card,1890.25,5,3,3,1.0,1077,5,15,0,0
ORD101536,CUST3026,beauty,debit_card,1329.67,30,6,2,0.333,1191,3,20,1,0
ORD101537,CUST3391,books,UPI,191.95,5,1,0,0.0,425,1,6,0,0
ORD101538,CUST1960,beauty,credit_card,877.77,0,5,1,0.2,627,3,12,0,0
ORD101539,CUST4831,home_goods,debit_card,288.38,50,1,1,1.0,1128,0,4,0,1
ORD101540,CUST2208,beauty,cod,1820.94,0,2,1,0.5,721,1,18,0,0
ORD101541,CUST3098,footwear,debit_card,499.34,15,2,0,0.0,873,3,14,0,0
ORD101542,CUST2505,beauty,debit_card,564.88,20,5,0,0.0,560,3,0,0,0
ORD101543,CUST1957,home_goods,UPI,589.99,0,2,1,0.5,736,0,9,0,0
ORD101544,CUST3100,footwear,UPI,1446.8,20,3,0,0.0,567,1,3,0,1
ORD101545,CUST2475,apparel,cod,761.85,0,3,1,0.333,411,2,6,0,1
ORD101546,CUST2024,home_goods,debit_card,596.76,5,4,1,0.25,391,5,19,1,1
ORD101547,CUST4502,books,cod,1305.9,5,3,1,0.333,535,0,9,0,0
ORD101548,CUST2419,beauty,netbanking,403.26,10,3,0,0.0,1188,6,20,0,0
ORD101549,CUST3679,footwear,credit_card,724.05,15,2,1,0.5,815,1,7,0,0
ORD101550,CUST1859,beauty,credit_card,477.14,0,1,1,1.0,1057,4,17,0,1
ORD101551,CUST3959,beauty,debit_card,692.95,15,3,0,0.0,176,2,6,0,0
ORD101552,CUST4858,books,netbanking,197.04,50,2,1,0.5,430,3,14,0,0
ORD101553,CUST1123,home_goods,credit_card,243.2,30,5,2,0.4,1183,6,4,0,0
ORD101554,CUST4022,apparel,netbanking,392.77,10,2,1,0.5,1350,6,11,0,0
ORD101555,CUST2716,beauty,netbanking,998.87,20,3,0,0.0,1415,4,9,0,0
ORD101556,CUST1095,footwear,UPI,219.48,15,4,0,0.0,285,1,10,0,1
ORD101557,CUST4273,footwear,cod,693.41,5,6,0,0.0,1176,6,12,1,1
ORD101558,CUST1836,beauty,UPI,852.05,10,1,0,0.0,1095,3,6,0,0
ORD101559,CUST2346,footwear,netbanking,731.84,0,4,1,0.25,1309,2,2,0,0
ORD101560,CUST3764,footwear,credit_card,955.56,5,4,0,0.0,66,6,22,0,0
ORD101561,CUST1109,electronics,credit_card,1277.76,15,1,1,1.0,143,3,9,0,0
ORD101562,CUST2192,books,cod,1619.12,40,6,0,0.0,144,3,1,0,0
ORD101563,CUST1045,electronics,debit_card,132.05,0,4,0,0.0,842,3,5,1,0
ORD101564,CUST1528,footwear,netbanking,3447.03,20,4,0,0.0,980,5,2,0,0
ORD101565,CUST4701,electronics,credit_card,459.71,0,0,0,0.0,422,2,13,0,0
ORD101566,CUST3722,beauty,credit_card,355.52,5,3,0,0.0,1237,4,9,0,1
ORD101567,CUST3058,books,netbanking,1874.54,5,4,0,0.0,565,1,0,1,0
ORD101568,CUST2825,apparel,netbanking,340.06,30,5,2,0.4,1239,6,7,0,0
ORD101569,CUST4728,footwear,netbanking,1465.07,30,2,0,0.0,943,3,18,0,1
ORD101570,CUST1373,home_goods,netbanking,328.2,0,2,1,0.5,711,5,22,0,0
ORD101571,CUST2601,footwear,credit_card,521.29,0,4,0,0.0,851,1,5,0,0
ORD101572,CUST4003,beauty,netbanking,371.42,20,3,0,0.0,788,5,5,0,0
ORD101573,CUST1391,beauty,UPI,651.59,5,3,1,0.333,491,6,5,0,0
ORD101574,CUST3572,footwear,debit_card,298.67,30,5,1,0.2,1366,0,22,0,0
ORD101575,CUST4695,electronics,netbanking,1245.16,20,2,1,0.5,843,6,17,0,0
ORD101576,CUST2510,apparel,UPI,338.41,5,5,0,0.0,1034,6,10,0,0
ORD101577,CUST1675,home_goods,credit_card,143.32,0,2,1,0.5,1037,0,14,0,0
ORD101578,CUST3616,books,netbanking,1936.0,10,2,1,0.5,781,2,23,0,0
ORD101579,CUST1796,beauty,UPI,372.54,0,5,0,0.0,22,2,3,0,0
ORD101580,CUST1559,home_goods,netbanking,340.68,10,6,0,0.0,993,3,2,0,0
ORD101581,CUST3691,electronics,netbanking,1858.02,5,5,0,0.0,288,3,8,0,0
ORD101582,CUST1698,apparel,cod,950.81,0,1,1,1.0,206,1,9,0,0
ORD101583,CUST4036,beauty,credit_card,380.8,0,6,1,0.167,159,5,0,0,0
ORD101584,CUST1628,beauty,debit_card,402.08,15,2,0,0.0,365,1,22,0,1
ORD101585,CUST3764,footwear,credit_card,568.8,0,2,0,0.0,906,5,1,0,1
ORD101586,CUST4323,footwear,UPI,158.46,15,2,0,0.0,800,5,9,0,1
ORD101587,CUST3450,apparel,UPI,527.41,0,1,1,1.0,773,6,6,1,1
ORD101588,CUST2534,electronics,credit_card,857.39,0,1,1,1.0,188,0,13,0,0
ORD101589,CUST1059,home_goods,credit_card,313.6,15,1,1,1.0,1393,5,2,0,0
ORD101590,CUST4613,apparel,credit_card,816.58,15,7,0,0.0,1483,1,1,0,0
ORD101591,CUST1441,home_goods,debit_card,1387.71,0,3,1,0.333,1152,5,6,0,0
ORD101592,CUST4827,footwear,netbanking,595.38,0,1,1,1.0,877,0,7,0,0
ORD101593,CUST2460,home_goods,credit_card,356.27,20,4,1,0.25,31,3,20,0,0
ORD101594,CUST2594,electronics,netbanking,135.48,0,3,0,0.0,451,0,21,0,0
ORD101595,CUST3662,footwear,debit_card,665.31,30,3,1,0.333,90,0,6,0,0
ORD101596,CUST4143,footwear,netbanking,271.47,5,1,0,0.0,209,5,17,0,1
ORD101597,CUST4777,footwear,credit_card,500.11,0,4,0,0.0,516,0,19,0,0
ORD101598,CUST3584,books,netbanking,1808.85,20,4,1,0.25,1389,6,22,0,0
ORD101599,CUST1718,books,debit_card,271.15,0,2,0,0.0,1365,3,2,0,0
ORD101600,CUST3492,footwear,netbanking,275.28,5,4,0,0.0,784,4,20,0,0
ORD101601,CUST3062,footwear,UPI,1220.74,10,3,0,0.0,477,0,19,0,0
ORD101602,CUST1508,home_goods,credit_card,1066.63,10,1,0,0.0,878,6,7,0,0
ORD101603,CUST1245,electronics,debit_card,183.96,15,3,2,0.667,1022,2,6,0,1
ORD101604,CUST1837,books,UPI,3055.29,30,3,1,0.333,488,5,19,1,1
ORD101605,CUST2817,books,debit_card,906.85,5,5,1,0.2,275,2,10,0,1
ORD101606,CUST4114,apparel,cod,675.68,20,2,0,0.0,850,5,9,0,0
ORD101607,CUST1938,books,debit_card,590.21,0,2,0,0.0,702,1,6,0,0
ORD101608,CUST4713,books,credit_card,840.15,20,4,0,0.0,1408,5,23,0,0
ORD101609,CUST4574,beauty,cod,3039.68,20,3,1,0.333,659,1,14,0,0
ORD101610,CUST1264,beauty,UPI,117.63,30,2,1,0.5,395,0,20,1,1
ORD101611,CUST4843,electronics,credit_card,1973.39,40,4,1,0.25,188,1,18,0,1
ORD101612,CUST4257,electronics,credit_card,380.94,50,1,0,0.0,1040,0,13,0,0
ORD101613,CUST2275,electronics,credit_card,496.06,0,2,0,0.0,502,3,5,0,0
ORD101614,CUST2241,home_goods,cod,994.05,50,3,0,0.0,919,5,6,0,0
ORD101615,CUST4200,beauty,UPI,719.62,0,6,1,0.167,737,3,12,0,0
ORD101616,CUST2807,beauty,cod,325.43,30,5,0,0.0,1249,5,13,0,0
ORD101617,CUST4357,beauty,UPI,510.53,20,0,0,0.0,782,3,2,0,0
ORD101618,CUST4774,home_goods,cod,380.04,50,5,1,0.2,1101,1,17,0,0
ORD101619,CUST2053,beauty,netbanking,737.43,10,7,0,0.0,627,3,9,0,0
ORD101620,CUST3482,beauty,UPI,3135.29,40,2,2,1.0,683,1,22,0,0
ORD101621,CUST1633,electronics,UPI,1153.1,5,5,0,0.0,27,6,16,0,0
ORD101622,CUST2532,beauty,netbanking,636.64,0,4,1,0.25,852,3,23,0,1
ORD101623,CUST3005,home_goods,cod,3222.99,0,6,0,0.0,146,3,1,1,0
ORD101624,CUST1509,beauty,cod,165.25,0,5,0,0.0,333,1,13,1,1
ORD101625,CUST4159,books,debit_card,2845.68,0,7,1,0.143,1044,5,15,0,0
ORD101626,CUST2508,books,UPI,774.28,0,3,0,0.0,1334,3,13,0,0
ORD101627,CUST1992,beauty,UPI,495.2,5,1,1,1.0,741,5,22,0,1
ORD101628,CUST3856,books,credit_card,304.56,20,3,1,0.333,536,4,14,1,0
ORD101629,CUST1603,home_goods,credit_card,307.93,10,4,0,0.0,1234,4,21,0,0
ORD101630,CUST1050,apparel,UPI,562.12,0,3,1,0.333,1320,5,12,0,1
ORD101631,CUST3400,apparel,cod,762.31,0,5,2,0.4,387,3,5,0,1
ORD101632,CUST2035,books,debit_card,451.3,10,2,2,1.0,1026,4,21,0,0
ORD101633,CUST3400,home_goods,netbanking,487.14,0,3,0,0.0,1491,6,2,0,0
ORD101634,CUST3345,home_goods,credit_card,833.19,10,4,1,0.25,551,5,6,1,0
ORD101635,CUST2630,books,debit_card,491.8,10,2,0,0.0,14,1,15,0,0
ORD101636,CUST1286,books,netbanking,70.84,20,7,0,0.0,1076,3,20,0,0
ORD101637,CUST2765,electronics,credit_card,864.08,0,6,0,0.0,768,1,22,0,0
ORD101638,CUST2992,electronics,cod,1289.65,5,2,0,0.0,226,3,18,0,0
ORD101639,CUST1760,electronics,UPI,741.31,0,3,0,0.0,375,6,6,0,0
ORD101640,CUST4695,beauty,netbanking,479.04,5,2,0,0.0,1284,4,3,0,0
ORD101641,CUST1680,apparel,debit_card,468.5,0,4,0,0.0,176,3,3,0,0
ORD101642,CUST2401,apparel,cod,6108.47,40,1,0,0.0,481,3,15,0,0
ORD101643,CUST1412,apparel,UPI,532.26,0,2,0,0.0,545,6,0,0,0
ORD101644,CUST4232,apparel,UPI,268.14,10,3,1,0.333,433,4,0,0,1
ORD101645,CUST3130,home_goods,netbanking,203.78,30,2,0,0.0,970,6,10,0,0
ORD101646,CUST2378,home_goods,debit_card,1647.4,20,6,1,0.167,646,6,7,1,0
ORD101647,CUST3724,beauty,netbanking,769.25,15,3,0,0.0,1251,0,11,0,0
ORD101648,CUST4302,apparel,UPI,405.37,5,5,0,0.0,936,6,22,0,0
ORD101649,CUST4421,electronics,UPI,416.15,40,5,0,0.0,1233,0,16,0,0
ORD101650,CUST3864,electronics,debit_card,1664.33,0,1,1,1.0,926,4,21,0,0
ORD101651,CUST2946,footwear,netbanking,238.62,20,2,0,0.0,1353,1,0,1,0
ORD101652,CUST4922,home_goods,UPI,459.39,0,3,1,0.333,1298,2,1,1,0
ORD101653,CUST4013,home_goods,netbanking,2285.43,50,3,0,0.0,479,4,15,0,0
ORD101654,CUST3509,apparel,debit_card,400.49,10,1,0,0.0,877,3,21,0,1
ORD101655,CUST4707,apparel,netbanking,1576.15,15,2,0,0.0,602,4,6,0,0
ORD101656,CUST4562,footwear,cod,506.21,30,5,2,0.4,1468,4,1,0,0
ORD101657,CUST4263,apparel,debit_card,1020.05,10,4,2,0.5,1379,4,14,0,0
ORD101658,CUST2827,apparel,netbanking,520.15,15,4,0,0.0,1358,4,7,0,0
ORD101659,CUST1698,books,UPI,3433.04,10,2,0,0.0,217,3,22,0,0
ORD101660,CUST4805,home_goods,netbanking,283.03,50,6,1,0.167,575,1,23,0,0
ORD101661,CUST2950,books,UPI,4531.28,50,2,2,1.0,1363,1,17,0,1
ORD101662,CUST3015,apparel,debit_card,1162.98,0,5,1,0.2,459,4,19,0,0
ORD101663,CUST2405,beauty,netbanking,601.71,5,4,0,0.0,1340,5,17,1,0
ORD101664,CUST2789,electronics,credit_card,1787.17,10,5,1,0.2,531,0,9,0,0
ORD101665,CUST1365,home_goods,cod,885.96,0,0,0,0.0,386,5,3,0,0
ORD101666,CUST1521,home_goods,netbanking,429.46,0,6,0,0.0,1182,5,0,0,0
ORD101667,CUST3416,footwear,credit_card,177.04,0,2,0,0.0,795,3,10,0,0
ORD101668,CUST4266,books,credit_card,1544.56,15,6,0,0.0,1065,5,19,0,0
ORD101669,CUST1436,beauty,UPI,1083.47,30,2,0,0.0,1103,6,14,0,0
ORD101670,CUST4342,home_goods,credit_card,411.69,30,2,1,0.5,1024,5,14,0,0
ORD101671,CUST2160,electronics,UPI,1509.61,5,5,0,0.0,1227,2,9,0,0
ORD101672,CUST3820,apparel,debit_card,771.49,0,3,0,0.0,1447,4,15,0,0
ORD101673,CUST1883,beauty,debit_card,2857.83,5,4,0,0.0,1443,3,1,1,0
ORD101674,CUST2364,electronics,credit_card,2352.48,0,6,3,0.5,461,5,23,0,0
ORD101675,CUST4544,electronics,netbanking,439.49,5,5,0,0.0,1490,3,9,1,0
ORD101676,CUST3700,electronics,UPI,4732.88,0,5,1,0.2,1123,3,10,0,0
ORD101677,CUST2939,home_goods,netbanking,703.94,40,3,1,0.333,801,0,16,0,1
ORD101678,CUST2156,books,credit_card,249.41,10,5,0,0.0,1436,6,17,0,0
ORD101679,CUST1536,home_goods,cod,729.33,30,2,1,0.5,111,6,22,0,1
ORD101680,CUST3681,electronics,cod,839.64,20,5,0,0.0,282,3,22,0,0
ORD101681,CUST4675,electronics,credit_card,663.59,10,6,2,0.333,447,6,23,0,0
ORD101682,CUST3667,apparel,debit_card,558.71,0,10,1,0.1,1487,6,18,0,1
ORD101683,CUST4217,electronics,netbanking,1750.8,0,1,0,0.0,875,5,5,1,0
ORD101684,CUST1393,home_goods,netbanking,741.17,0,2,0,0.0,368,0,3,1,0
ORD101685,CUST3662,home_goods,cod,733.04,15,0,0,0.0,889,1,20,0,0
ORD101686,CUST2003,apparel,UPI,391.68,15,1,1,1.0,494,3,15,0,1
ORD101687,CUST3441,electronics,netbanking,2104.77,30,4,2,0.5,1417,6,21,0,1
ORD101688,CUST4185,beauty,netbanking,430.47,10,2,0,0.0,564,5,20,0,0
ORD101689,CUST1047,apparel,UPI,415.44,0,3,1,0.333,170,0,15,0,0
ORD101690,CUST4721,footwear,credit_card,594.08,0,4,0,0.0,48,4,18,1,0
ORD101691,CUST2964,home_goods,UPI,695.28,5,3,1,0.333,1215,1,12,0,0
ORD101692,CUST3640,books,netbanking,570.43,40,2,0,0.0,612,4,4,0,0
ORD101693,CUST1260,books,cod,424.84,30,0,0,0.0,379,3,22,0,0
ORD101694,CUST3277,footwear,cod,657.25,10,4,1,0.25,1001,0,16,0,0
ORD101695,CUST3207,books,UPI,576.35,20,2,0,0.0,425,5,3,0,0
ORD101696,CUST3453,books,credit_card,184.35,5,3,0,0.0,11,4,14,0,0
ORD101697,CUST1503,apparel,credit_card,571.72,30,2,1,0.5,1178,1,20,0,0
ORD101698,CUST3303,home_goods,UPI,245.73,0,9,1,0.111,174,0,16,0,0
ORD101699,CUST4957,footwear,credit_card,1096.41,40,2,1,0.5,867,5,0,0,1
ORD101700,CUST1189,footwear,debit_card,416.53,40,2,0,0.0,1350,4,14,0,0
ORD101701,CUST3008,books,debit_card,638.25,10,1,0,0.0,1071,2,19,0,0
ORD101702,CUST1859,books,UPI,1836.13,0,7,3,0.429,1358,6,1,0,0
ORD101703,CUST1770,electronics,debit_card,502.76,50,1,1,1.0,441,1,19,0,0
ORD101704,CUST3423,home_goods,debit_card,528.6,0,5,0,0.0,264,5,19,0,0
ORD101705,CUST3252,home_goods,debit_card,1404.52,10,2,1,0.5,782,5,5,0,0
ORD101706,CUST1341,home_goods,netbanking,201.72,20,1,0,0.0,1423,1,17,0,1
ORD101707,CUST3578,books,debit_card,270.53,15,1,0,0.0,1297,5,20,0,0
ORD101708,CUST2524,footwear,cod,632.57,40,2,1,0.5,1239,1,13,0,0
ORD101709,CUST2295,beauty,netbanking,819.36,10,6,0,0.0,54,4,7,0,0
ORD101710,CUST1510,footwear,UPI,501.88,20,3,1,0.333,1401,4,13,0,1
ORD101711,CUST3622,apparel,debit_card,391.97,10,4,2,0.5,684,6,8,0,0
ORD101712,CUST4269,electronics,debit_card,556.04,30,3,1,0.333,21,0,12,1,1
ORD101713,CUST1910,beauty,UPI,1228.62,20,5,0,0.0,253,1,16,0,0
ORD101714,CUST2255,footwear,netbanking,323.46,10,3,0,0.0,196,4,11,0,0
ORD101715,CUST4544,home_goods,cod,1848.82,20,2,2,1.0,556,4,3,0,0
ORD101716,CUST1699,home_goods,netbanking,1108.01,15,6,0,0.0,371,2,23,0,0
ORD101717,CUST4230,footwear,cod,56.48,50,6,0,0.0,1218,6,12,0,1
ORD101718,CUST1522,home_goods,UPI,1251.73,30,6,0,0.0,1407,4,22,0,0
ORD101719,CUST1517,electronics,netbanking,161.28,20,5,0,0.0,1163,5,8,0,0
ORD101720,CUST3971,books,debit_card,432.68,20,2,0,0.0,1449,6,7,0,0
ORD101721,CUST2713,books,netbanking,317.74,20,4,0,0.0,375,3,11,0,0
ORD101722,CUST3057,home_goods,debit_card,2562.53,30,3,1,0.333,877,4,22,0,0
ORD101723,CUST4334,electronics,debit_card,856.0,5,0,0,0.0,1302,6,2,1,1
ORD101724,CUST2665,home_goods,UPI,902.57,0,3,0,0.0,1300,0,2,0,0
ORD101725,CUST4870,apparel,credit_card,1376.1,20,3,1,0.333,1179,0,2,0,0
ORD101726,CUST3269,beauty,UPI,286.0,10,1,1,1.0,869,5,16,1,0
ORD101727,CUST1558,beauty,netbanking,152.17,15,1,1,1.0,1055,5,21,0,0
ORD101728,CUST3858,apparel,netbanking,2063.19,5,2,0,0.0,29,4,6,1,0
ORD101729,CUST4055,apparel,netbanking,534.62,30,2,0,0.0,1439,4,23,0,0
ORD101730,CUST4026,books,cod,434.0,0,3,0,0.0,1401,4,1,0,0
ORD101731,CUST4951,electronics,cod,231.72,20,3,1,0.333,461,1,2,0,0
ORD101732,CUST1546,footwear,debit_card,761.85,15,3,0,0.0,105,3,15,0,1
ORD101733,CUST2528,apparel,debit_card,1100.31,15,5,1,0.2,1391,1,17,0,0
ORD101734,CUST4513,apparel,debit_card,667.47,30,3,1,0.333,613,3,9,0,0
ORD101735,CUST1009,books,cod,346.68,0,4,1,0.25,807,1,9,1,0
ORD101736,CUST4928,books,cod,336.44,20,3,0,0.0,73,3,19,0,0
ORD101737,CUST1235,home_goods,UPI,1135.85,15,3,2,0.667,1261,3,10,0,1
ORD101738,CUST1438,apparel,debit_card,259.47,0,1,1,1.0,1480,1,12,0,1
ORD101739,CUST1415,beauty,netbanking,516.58,50,3,0,0.0,405,0,16,0,0
ORD101740,CUST1629,beauty,UPI,1066.78,10,6,1,0.167,999,0,4,0,0
ORD101741,CUST2024,electronics,netbanking,1505.93,0,5,0,0.0,810,2,9,0,0
ORD101742,CUST4654,electronics,cod,298.01,0,2,0,0.0,552,0,14,0,0
ORD101743,CUST2799,electronics,credit_card,1144.42,0,3,0,0.0,725,5,13,0,0
ORD101744,CUST4619,books,credit_card,474.95,0,4,0,0.0,227,1,9,0,0
ORD101745,CUST2616,beauty,debit_card,498.74,0,4,0,0.0,65,1,21,0,0
ORD101746,CUST2963,books,debit_card,845.68,40,1,0,0.0,244,3,15,0,0
ORD101747,CUST4276,books,credit_card,1060.13,0,3,1,0.333,666,6,12,0,0
ORD101748,CUST4782,books,netbanking,527.52,5,1,0,0.0,270,0,3,0,0
ORD101749,CUST1516,electronics,debit_card,344.93,15,4,0,0.0,1025,0,21,0,0
ORD101750,CUST3778,home_goods,netbanking,726.95,10,4,1,0.25,1223,5,0,0,0
ORD101751,CUST2185,home_goods,netbanking,698.58,15,2,0,0.0,170,6,13,0,0
ORD101752,CUST1624,books,cod,3233.4,40,6,1,0.167,383,1,8,0,0
ORD101753,CUST4539,home_goods,credit_card,991.41,30,6,0,0.0,1365,6,13,0,0
ORD101754,CUST3893,apparel,cod,590.53,10,7,0,0.0,1252,1,6,1,0
ORD101755,CUST3421,books,credit_card,549.47,20,3,2,0.667,470,0,4,0,0
ORD101756,CUST2121,electronics,credit_card,335.34,20,8,0,0.0,874,0,19,0,0
ORD101757,CUST4540,apparel,netbanking,737.71,10,1,1,1.0,835,4,9,0,0
ORD101758,CUST1947,electronics,debit_card,1225.8,5,3,0,0.0,873,3,1,0,0
ORD101759,CUST3637,apparel,debit_card,329.25,0,4,0,0.0,226,2,11,0,0
ORD101760,CUST2437,books,netbanking,379.77,10,2,0,0.0,506,2,1,0,0
ORD101761,CUST1002,apparel,debit_card,2061.5,5,3,0,0.0,435,2,15,0,0
ORD101762,CUST3484,apparel,netbanking,64.75,15,6,0,0.0,379,2,15,0,0
ORD101763,CUST2246,apparel,UPI,1915.06,5,2,2,1.0,1371,0,21,0,1
ORD101764,CUST4530,electronics,debit_card,290.07,15,3,1,0.333,739,5,11,0,0
ORD101765,CUST3412,footwear,cod,62.61,50,3,0,0.0,762,1,20,0,0
ORD101766,CUST3393,beauty,UPI,510.67,20,2,0,0.0,218,1,20,0,0
ORD101767,CUST1492,apparel,cod,793.49,5,3,0,0.0,1341,6,6,0,1
ORD101768,CUST2825,apparel,UPI,767.37,20,4,0,0.0,1120,4,10,0,0
ORD101769,CUST2942,electronics,cod,819.93,15,3,1,0.333,1477,1,1,0,1
ORD101770,CUST2712,footwear,debit_card,935.97,30,3,0,0.0,1148,2,11,0,0
ORD101771,CUST3938,apparel,netbanking,1295.58,5,4,0,0.0,139,3,13,0,0
ORD101772,CUST4901,footwear,UPI,478.18,15,3,1,0.333,342,4,8,0,0
ORD101773,CUST1528,home_goods,UPI,362.79,0,3,1,0.333,1160,0,22,0,0
ORD101774,CUST4336,beauty,netbanking,1991.03,5,2,0,0.0,1403,4,16,1,0
ORD101775,CUST1677,beauty,cod,317.46,0,4,0,0.0,787,4,12,0,0
ORD101776,CUST2112,electronics,credit_card,439.65,30,3,2,0.667,8,1,18,0,0
ORD101777,CUST3853,apparel,cod,1872.55,0,2,0,0.0,933,4,22,0,0
ORD101778,CUST2060,home_goods,credit_card,836.33,0,3,2,0.667,607,5,8,0,0
ORD101779,CUST1700,electronics,UPI,188.12,20,5,0,0.0,1093,1,9,0,0
ORD101780,CUST1606,home_goods,credit_card,301.35,30,1,0,0.0,554,6,1,0,0
ORD101781,CUST2019,electronics,cod,624.16,15,3,1,0.333,238,0,20,0,0
ORD101782,CUST3478,home_goods,debit_card,314.89,0,3,0,0.0,171,5,17,0,0
ORD101783,CUST1547,beauty,cod,201.75,0,4,1,0.25,604,2,1,0,1
ORD101784,CUST1042,home_goods,credit_card,570.95,5,6,1,0.167,1497,2,5,0,0
ORD101785,CUST1064,footwear,cod,1654.29,40,1,0,0.0,218,5,23,0,1
ORD101786,CUST4873,books,debit_card,740.25,10,0,0,0.0,1283,5,19,0,0
ORD101787,CUST4345,beauty,credit_card,202.62,5,3,0,0.0,665,2,6,0,0
ORD101788,CUST4308,beauty,credit_card,748.14,5,6,0,0.0,914,1,23,0,0
ORD101789,CUST2509,electronics,netbanking,98.14,0,2,0,0.0,192,3,5,0,1
ORD101790,CUST4340,electronics,credit_card,231.51,15,2,1,0.5,1167,3,23,0,0
ORD101791,CUST2155,apparel,debit_card,427.25,30,2,1,0.5,334,1,12,0,0
ORD101792,CUST1769,apparel,credit_card,1801.63,0,0,0,0.0,148,3,7,0,1
ORD101793,CUST3642,beauty,UPI,726.35,15,4,2,0.5,1484,4,4,0,0
ORD101794,CUST4309,apparel,cod,1758.21,5,3,0,0.0,205,3,12,0,1
ORD101795,CUST4385,apparel,UPI,363.94,5,4,1,0.25,271,1,2,0,0
ORD101796,CUST4844,books,cod,139.2,10,4,0,0.0,28,6,0,1,0
ORD101797,CUST1435,footwear,debit_card,720.98,10,2,0,0.0,1449,0,6,0,1
ORD101798,CUST4111,footwear,netbanking,260.55,20,3,1,0.333,335,2,10,0,0
ORD101799,CUST1998,apparel,cod,1179.08,0,8,0,0.0,1418,2,20,0,0
